,comment,timestamp
0,['Cốc cafe sáng xứng đáng chưa các PTITers ơi. Chúc mừng các bạn D24. PTIT đi chuẩn bị quà chào đón các bạn tựu trường đây',15/07/2024
1, 'Bất ngờ quá năm nay siêu sale',27/09/2024
2, 'Xin chúc mừng các bạn D24. Đừng quên follow fanpage Đoàn thanh niên Học viện Công nghệ Bưu chính Viễn thông để cập nhật những hoạt động thú vị dành cho các bạn tân sinh viên nhé.',30/09/2024
3, 'Đoàn thanh niên Học viện Công nghệ Bưu chính Viễn thông Hóng chào tân năm nay quá đi ạaa',12/10/2024
4, 'Chúc mừng các bạn D24 PTIT',31/07/2024
5, 'Ai học báo chí khummm',26/08/2024
6, 'Van Anh chào nàng',05/09/2024
7, 'Nguyen Anh Thơ hí',26/08/2024
8, 'Van Anh tớ',04/07/2024
9, 'Thanh Mai',11/09/2024
10, 'Van Anh toi',05/09/2024
11, 'Lâm Thành',01/10/2024
12, 'Van Anh tớ đây',01/09/2024
13, 'Hà Chinh',13/10/2024
14, 'Bằng điểm đỗ nma sai tiêu chí phụ nên trượt',05/11/2024
15, 'Phạm Bá Tuấn Tú marketing rack cx học à\nCntt ngol hơn',31/08/2024
16, 'Thật bất ngờ,17/07/2024
17, trường viết sai chính tả',14/09/2024
18, 'Nguyễn Phương Thủy ông bà gánh còng lưng',03/09/2024
19, 'điểm ưu đãi mà đúngg hơm',24/10/2024
20, 'Trường lùa hsinh chạy hết',25/08/2024
21, 'CHẤT LIỆU CAO là sao shop',05/08/2024
22, 'hóng đc gặp các bé quáaaaa',12/07/2024
23, 'Le Duong tớ cũng hóng c oi',06/11/2024
24, 'thấp thê=)',10/08/2024
25, 'Chúc mừng các tân sinh viên',05/10/2024
26, 'thấp vc',26/09/2024
27, 'hơi sốc nha trường :)))',04/09/2024
28, 'cùng mong chờ những điều bất ngờ PTIT sẽ trao cho các em nhé',09/10/2024
29, 'Bất ngờ quá',26/10/2024
30, 'Công Thành đi học đeo khẩu trang chứ trông điểm ngại quá =)))',18/10/2024
31, 'Tân sv TMĐT xin đc làm quen các bạn cùng ngành ạ',28/07/2024
32, 'chúc mừng nha,27/10/2024
33, các em đã làm rất tốt rồi',19/07/2024
34, 'sale ác quá trường oii',22/10/2024
35, 'Hưng sao gòi bạn',06/08/2024
36, 'Tran ThuyLinh thiếu 0.4 chứ s bn =)))',14/10/2024
37, 'thấp v',01/07/2024
38, 'Hơi bất ngờ',27/09/2024
39, 'Lấy thấp thế cũng lấy ,28/08/2024
40, mất hết đẳng cấp rồi ptit ơi',02/09/2024
41, 'Trường lấy điểm miễn thi môn ngoại ngữ hay lấy điểm thi thực ạ . Vì em có IELTS ạ',05/08/2024
42, 'HaTu NguyenLe riêng BCVT chỉ lấy ngoại ngữ điểm thi nhé,01/09/2024
43, vì vậy điểm năm nào cũng sàn sàn như này,15/09/2024
44, chứ ko lấy điểm quy đổi thi ielts',13/09/2024
45, 'Kamy Le dạ',15/09/2024
46, 'Học cơ sở đào tạo ở Hà Đông đk mn',01/08/2024
47, 'Quà cho d24\nhttps://drive.google.com/.../18s...',16/09/2024
48, 'Trangg Thuu ê ???',11/07/2024
49, 'Tung Duong trường lội ngược dòng :))',08/08/2024
50, 'CLC là chất liệu cao ạ',12/09/2024
51, 'Chúc mừng các bạn 2k6 đã đỗ nguyện vọng tại PTIT nhaaa\nthay avt để flex thuiii\nhttps://drive.google.com/.../18s...',12/08/2024
52, 'CLB Multimedia PTIT dzạ',11/10/2024
53, 'CLB Multimedia PTIT oh clb này nhiệt tình',13/08/2024
54, 'siêu sale ngày rằm',15/07/2024
55, 'tiêu chí phụ là khi điểm thi mình bằng điểm chuẩn,04/07/2024
56,còn hơn là không cần đúng không ạ',11/09/2024
57, ':))))) điểm thấp ngang vậy trường',07/10/2024
58, 'Thấp zữ sốp ơi =)))',31/07/2024
59, 'Hồng Ngát đỗ không bà ơi',15/08/2024
60, 'Dat Tran Xuan đỗ bà ơi :)) bà cũng đỗ phải k',04/10/2024
61, 'Hồng Ngát tôi cũng đỗ nè,25/07/2024
62, vừa đủ lun :))',16/09/2024
63, 'Dat Tran Xuan b cũng đỗ à =))) thế mình xin kèo gặp nhau ở cổng trường nhé',30/09/2024
64, 'Hồng Ngát cổng trường nhé b ơi =)))',11/08/2024
65, 'Sao năm nay còn thấp hơn năm ngoái v nma đỗ cntt r :))',23/09/2024
66, 'Trần Xuân Bách anh bạn đỗ đấy ak :)) tôi cx đỗ cntt',13/09/2024
67, 'Tạ Huy Hoàng chúc mừng bạn đủ điểm đỗ nhé!!',11/07/2024
68, 'Trường sale điểm',04/07/2024
69, 'Trường giảm dữ vậyyyy',15/07/2024
70, 'Trần Thị Thẻ chúc mừng Nghĩa đỗ Bưu chính rồi nha dì',01/10/2024
71, 'Cntt chất liệu cao',09/08/2024
72, 'Thế quái nào cntt lại giảm',10/08/2024
73, 'Vinh Vũ lại phải đỗ',17/08/2024
74, 'Vũ Thanh Ngân nma k vào cntt',31/10/2024
75, 'Sao điểm này thấp mà điểm dgnl lại cao thế v sốp',31/10/2024
76, 'các bác trol điểm',02/10/2024
77, 'cntt giảm 1 xíu ha!!!',30/07/2024
78, 'Hóng các bé CNĐPT từ 17 đến giờ rùiiii',05/09/2024
79, 'Ai an toàn thông tin kh ạ',16/10/2024
80, 'Dinh Tuan Anh tớ nè',28/07/2024
81, 'Sao e hơn điểm trường mà check ko thấy tên ạ',09/08/2024
82, 'Nguyễn Dung mk cx thế thử đợi tới 17h hôm nay xem',02/10/2024
83, 'Nguyễn Dung đc chưa bạn mk có rồi nè',14/07/2024
84, 'Nguyễn Mai mình check đc r bạn ạ',13/09/2024
85, 'Hoàng Trần bạn đủ điểm k b',06/07/2024
86, 'Huy Bùi tạch đh rồi về đi chăn bò thôi',08/09/2024
87, 'Hoàng Trần mình cũng thiếu điểm\nkhông được làm Ptiter rồi',24/10/2024
88, 'Huy Bùi mấy bạn năm sau thi tiếp ko,30/07/2024
89, chứ t muốn đi học quá',07/08/2024
90, 'Đỗ Hảo Đậu chưa b',18/08/2024
91, 'Ngô Trí Hoàng hên quá tí thì trượt',30/09/2024
92, 'Sale ác',17/10/2024
93, 'cho em hỏi trường có đội Robocon không ạ',10/07/2024
94, 'Nguyen Duongg bn ngành nào vậy :))',21/08/2024
95, 'Nnot Cringe cntt',20/10/2024
96, 'Nguyen Duongg toi có nghe nói ptit có công nghệ vi mạch bán dẫn là ở ngành nào bn bt k,15/09/2024
97, tự dưng đỗ mà mình k bt có chọn đúng ngành k',18/09/2024
98, 'Nnot Cringe ngành hot tương lai đó bạn',23/09/2024
99, 'Sốp chill quá giờ mới công bố',12/10/2024
100, 'trường làm em bất ngờ:))))))',14/10/2024
101, 'Tân sinh viên Ptit :)))',07/09/2024
102, 'https://m.me/j/AbbeR0LqQhPMo--C/\nAi quản trị kinh doanh vô group cho tuiii',03/08/2024
103, 'ae nào có group Marketing clc k cho vô với',13/10/2024
104, 'mình sale điểm hả trường',24/07/2024
105, 'nay trường siêu sale ạ',20/09/2024
106, 'Chất liệu cao =))))',25/08/2024
107, 'chúc mừng các bạn tân sinh viên PTIT',17/10/2024
108, 'Phong cách quáaaa',01/10/2024
109, 'Tập yêu trường',08/08/2024
110, 'Điểm chuẩn tỉ lệ nghịch với học phí',16/08/2024
111, 'Vào check danh sách trúng tuyển nè các e ơi\nhttps://tinhotnhat.pro/danh-sach-trung-tuyen-hoc-vien...',28/08/2024
112, 'Nguyễn Nam ủa bà c link shopee mà c',27/08/2024
113, 'Trường năm nay có vẻ lấy thấp !',30/09/2024
114, 'Trường không xét khối C ạ',01/10/2024
115, 'Cntt chất liệu cao là ngành gì v ạ =)))',20/07/2024
116, 'Nguyễn Tuấn e đỗ attt r a ơi may quá',08/07/2024
117, 'Nguyễn Lê Kanh e siêu quá',15/10/2024
118, 'Oo thật bất ngờ :)))',03/09/2024
119, 'Tuấn Kiệt may k dính lời nguyền thiếu điểm nhè',23/08/2024
120, 'Diệu Châu may woa haha',11/10/2024
121, 'K tăng hả lm tui giật mình',17/10/2024
122, 'Shop lm em bất ngờ quá',04/09/2024
123, 'Omg giảm điểm luôn mà',16/08/2024
124, 'đỗ nhiều ngành quá =))',11/09/2024
125, 'Thay avt thui D24 oiiii https://drive.google.com/.../18s...',03/11/2024
126, 'Có ai ngành Công nghệ đa phương tiện không ạ xin làm quen ạ',06/10/2024
127, 'Phí 100k xts của e :))',18/09/2024
128, 'Thảo Phương làm gì có game',15/08/2024
129, 'Đình Tú cắt kính mới đi,06/07/2024
130, số 19 kìa',30/09/2024
131, 'Đình Tú Trung Quý Lê Văn Tới ny Tú đc đấy',14/09/2024
132, 'Trung Quý Tao Yêu e à',01/08/2024
133, 'Điểm cnđpt vẫn như năm ngoái luôn hay sao',26/09/2024
134, 'May quá trời',25/07/2024
135, 'Ai học CNTT vào đây làm quen nào :))',20/07/2024
136, 'Các chuyên gia dự đoán điểm chuẩn tăng từ 1-1.5 điểm,25/09/2024
137, các bác cứ doạ các cháu thế',14/09/2024
138, 'Êi sao thấp v:)) sao cho t trượt xts r để điểm này thấp vậy:)) ủa trường ơi',29/07/2024
139, 'Trịnh Ngọc Mai trường m làm t bất ngờ quá',27/09/2024
140, 'Thế Sơn các e thấy quả học phí chắc cook sớm rồi',25/07/2024
141, 'biết vậy đặt marketing CLC xuống dưới cùng :)))',19/09/2024
142, 'Huhu vừa đủ đỗ luôn ạ',22/09/2024
143, 'Thế nà lo ve trường từ hôm nay thật rồi',30/09/2024
144, 'Maketting xin chào',18/09/2024
145, 'Học phát triển game tiềm năng k ạ?',28/08/2024
146, 'Lương Mạnh Hưng hình như nếu bạn giỏi tiếng trung thì tuyệt vời',25/09/2024
147, 'Cảnh Huỳnh\nThặt bất ngờ,21/10/2024
148, tụt thấp ri luôn',07/10/2024
149, 'năm nay thấp thế',09/08/2024
150, 'Báo chí thiếu 0,24/10/2024
151,08đ\nđừng vậy màaaaa',06/09/2024
152, 'Dee đỗ rồi',17/10/2024
153, 'ước gì ngành CNTT của trường xét khối D01 ạ',02/07/2024
154, 'Quang chúc mừng tân sinh viên',06/11/2024
155," ""Triệu Thành'h ủa m t đỗ quan hệ công chúng mà t ko học má oi\n",24/10/2024
156," tiếc""",14/09/2024
157, 'Nhìn những ngành mình đã trượt= tsa kìa:)',24/09/2024
158, 'Sốc quá trường ơiiii,12/10/2024
159, giờ thành hàng xóm Ptit rùi',17/08/2024
160, 'Điểm chill ác',11/08/2024
161, 'k dám share',07/10/2024
162, 'Sale sập sàn…',08/10/2024
163, 'sale đỉnh nóc kịch trần',29/08/2024
164, 'Thiếu 0.1 điểm ạ cay',05/11/2024
165, 'Trường điểm đáng iu vãi:))',23/08/2024
166, 'Đỗ gòi',23/08/2024
167, '+1 sinh vien',29/09/2024
168, 'điểm chuẩn năm nay thấp như gpa của em :vvv',31/08/2024
169, 'Không Phải Tuân buồn vậy hả em',28/08/2024
170, 'Kiên Cường dung r',21/08/2024
171, 'Không Phải Tuân haizzzz vậy gpa của iem chắc như điểm sàn của trg',30/09/2024
172, 'Không Phải Tuân khiếp >____< gpa a mấy . mà kêu thấp',12/07/2024
173, 'Không Phải Tuân ngta gpa 4.0 max rồi. GPA bạn 25 26',26/09/2024
174, 'Ngọc Mai trôn à._.',25/08/2024
175, 'Trần Quang Tùng Lan Phương Minhh Vũ đối với cntt thì clc là chất liệu cao m ạ',06/07/2024
176, 'Đoàn Hoàng Nam :)))) chất liệu là m đấy còn gì',15/10/2024
177, 'Đoàn Hoàng Nam ừ đang định hỏi :)))',12/07/2024
178, 'Trần Quang Tùng học nhầm ngành đến h mới biết',13/09/2024
179, 'Đoàn Hoàng Nam giờ thì đúng ngành rồi',21/10/2024
180, '2k8 quyết tâm đỗ PTIT',06/10/2024
181, 'điểm mềm vãi,21/07/2024
182, đậu full',10/10/2024
183, 'có mẫu capcut của trường ko ạ =)))',01/08/2024
184, 'Năm sau CNTT UDU nổ lên 26+ cho chiến nhé =))',01/08/2024
185, 'Shop ơi. Em đặt báo chí nv4 vẫn được đúng không.',31/08/2024
186, 'Thảo Phạm chúc mừng chúc mừng',03/08/2024
187, 'trùm cuối sale sập sàn luôn gòi ạ',11/09/2024
188, 'https://m.me/j/AbZdxu9CbVNfYj6b/',30/10/2024
189, 'Chứng chỉ SAT trường quy đổi điểm như nào vậy Ad? Cảm ơn',17/09/2024
190, 'Đi bắn bia về biết tin đậu nv1',10/07/2024
191, 'Sale kinh thật',16/08/2024
192, 'Sốc đau tim',19/09/2024
193, 'Vừa zin :))',13/07/2024
194, 'Dễ thương dữ sốp',05/11/2024
195, 'Đỗ fintech rồi kkkk',28/07/2024
196, 'Các bé TTĐPT về bờ ngay cho tuiii',20/10/2024
197, 'Kien Quach cuối cùng nó cũng chịu công bố r nè',25/09/2024
198, 'Đặng Hương Giang :)) tắm rửa thơm tho hết r ms công bố',21/09/2024
199, 'Dự báo cao quá,05/08/2024
200, các b chạy hết :))))',31/08/2024
201, 'Nguyễn Hiếu năm nay điểm thấp r',12/10/2024
202, 'Trần Đỗ Minh ngành mk lên mà',02/11/2024
203, 'Xuống đáy rồi',11/07/2024
204, 'Có ai học tke ptrien game kh\ncho em xin ít trải nghiệm',18/07/2024
205, 'Các bé đừng quên follow page Đoàn thanh niên Học viện Công nghệ Bưu chính Viễn thông để cập nhật các sự kiện thú vị dành cho tân sinh viên sắp tới nhé. PTIT chào đón các em',12/10/2024
206, 'hứa yêu trường',26/08/2024
207, 'D24 up avt trường đã r tính sau',12/09/2024
208, 'Điểm năm nay sale dữ v =)))',23/08/2024
209, 'Đáy',11/09/2024
210, 'Điểm chuẩn này có tính điểm ưu tiên theo khu vực k ạ',10/08/2024
211, 'Vang trời luôn shop ơi',30/08/2024
212, 'Lỡ hẹn v',14/07/2024
213, 'ai cndpt ko',22/08/2024
214, 'Ph Bình ê nếu mà t xếp trc là đỗ qhcc',30/08/2024
215, 'Lâm Hưởng hối hận ch ,28/10/2024
216, đỗ r nè nv14',03/08/2024
217, 'Thu Hường Phạm Khánh Ly Nguyễn P.L Nguyễn Thị Kiều cái tăng duy nhất bâyh là học phí',07/07/2024
218, 'Điểm cao thế',18/07/2024
219, 'Hơi lâuu nha',06/10/2024
220, 'Nguyễn Phú BìnhĐinh Đạt đỗ chứ nhể',11/08/2024
221, 'Nguyễn Đức Thịnh vào rồi mình party thôi',14/10/2024
222, 'Nguyễn Phú Bình doki doki',22/07/2024
223, 'suýt sao quá :))',08/07/2024
224, 'chẳng bt 2027 lấy bnh điểm đây',06/11/2024
225, 'Ngon rồi vô đtvt rồi trượt hust vô ptit cx đc',03/11/2024
226, 'Đã bắt đầu gửi mail chưa ạ',14/07/2024
227, 'Đáng yêu',24/07/2024
228, 'Yeahhhh em đỗ rồi',27/07/2024
229, 'Thấp quá mất uy nhá',12/07/2024
230, 'Vc tí thì đỗ r',10/07/2024
231, 'Đoàn Hiếu tóm lại h bố học trường nào:))',09/09/2024
232, 'Phạm Nguyên :)) hust',21/08/2024
233, 'Phạm Nguyên toàn sảy 0,21/09/2024
234,3',13/09/2024
235, 'vl tiếc quá',13/08/2024
236, 'sao lại ra nông nỗi này',24/07/2024
237, 'Chiến Lê :^) lòng đau như cắt nc mắt đầm đìa',05/09/2024
238, 'Nguyễn Thế Học tôi vẫn sợ con ng anh',23/07/2024
239, 'Em yêu PTIT vê cê',25/07/2024
240, 'sale sập sàn Minh Vu',05/11/2024
241, 'Trường nhảy moonwalk ngang Michael Jackson',26/10/2024
242, 'Gia nhập',27/07/2024
243, 'Quàoooo đỗ r hihi',25/08/2024
244, 'Các bé D24 CNTT nếu có thắc mắc gì hãy mạnh dạn ib hỏi page ITClub PTIT HN nhé',18/07/2024
245, 'cứ ngỡ là điểm chuẩn tăng',28/09/2024
246, 'Tuấn Đặng đỗ ngành j?',20/08/2024
247, 'Hêh đỗ ròi',30/07/2024
248, 'Mất giá rồi',23/09/2024
249, 'đỗ r ạ nhưng ko bt trường có phát ny ko nhể',17/07/2024
250, 'Nguyễn Tứ CNTT Việt Nhật có 24.25đ',30/10/2024
251, 'IT downtrend rồi à shop!!!',30/08/2024
252, 'Phấn đấu đến năm 2030,14/10/2024
253, tầm nhìn 2040 điểm chuẩn xuống dưới 20',05/10/2024
254, 'Chàaa',19/10/2024
255, 'Nguyễn Thành Chung đủ để làm trùm cuối luôn a =>',03/08/2024
256, 'Sale sập sàn',05/08/2024
257, 'Dương Thế Khanh điểm thấp v ò',07/08/2024
258, 'Đào Thị Khánh Linh t đã bảo là sẽ giảm mà',08/10/2024
259, 'Dương Thế Khanh Ảo ma lắm',11/08/2024
260, 'Trung Vũ xem lại chưa',31/08/2024
261, 'Quỳnh Trang đã bảo trượt r::)',11/10/2024
262, 'Ờm,05/07/2024
263, dư mất 1đ r',24/07/2024
264, 'Sốc nha :))) sao điểm xts cao vậy',14/08/2024
265, 'Phía Nam đâu ạ',06/11/2024
266, 'Mới thấy báo chí 26₫ á ( e bất ngờ,29/08/2024
267, k gạch đá dou ạ\n).',23/09/2024
268, 'Tuấn Nguyễn tân sinh viên ơi',12/10/2024
269, 'Siêu sales rằm tháng 7...Cô hồn cùng zuiiii',09/10/2024
270, 'Lê Phương Thảo mé attt giảm kìa :)))',05/11/2024
271, 'Nguyễn Quỳnh Trâm vãi đỉnh',29/07/2024
272, 'VIỆC LÀM CHUYÊN DỤNG CHO HỌC SINH,09/09/2024
273, SINH VIÊN\nMôi trường NĂNG ĐỘNG - TUỔI TEEN - PHÁT TRIỂN kĩ năng mềm … Xem thêm',22/07/2024
274, 'Lâu thế',10/08/2024
275, 'Lê Ngọc Duy ĐƯỢC RỒI ĐI THÔI',16/10/2024
276, 'Nguyễn Thế Nhã oách quá',13/09/2024
277, 'Nguyễn Tiến Đạt năm nay mềm hơn nhỉ',15/10/2024
278, 'Trần Khánh Thành mềm mới dễ làm tân cổ đông e',29/07/2024
279, 'Học về chíp và bán dẫn là ngành nào vậy ạ Học viện Công nghệ Bưu chính Viễn thông - PTIT',13/10/2024
280, 'Nguyễn Tùng Dương đỗ nv1 ròi pko',18/10/2024
281, 'Ng Hong chào ptiter nha',06/09/2024
282, 'Đặng Minh chúc mừng e',09/09/2024
283, 'chà',13/07/2024
284, 'Khanh Toan siêu sale 19/8',26/09/2024
285, 'Star Lương số 5 số 5 =))',30/08/2024
286, 'Thanh Huyền cố lên',22/09/2024
287, 'quá đẹp luon',02/10/2024
288, 'Lường Hùng đỗ chưa e',03/07/2024
289, 'Thanh Huyen Nguyen đậu tự động hoá ptit rồi này',25/10/2024
290, 'Bùi Thị Hiềnn tới luôn đi',16/07/2024
291, 'Nguyễn Thị Phương Thu sao lại thế',02/07/2024
292, 'tắt gáy luôn',24/09/2024
293, 'Nguyễn Thị Phương Thu chưa tới 9/9 mà trường sale mạnh vậy',10/08/2024
294, 'Hoàng Huy share đi b,18/10/2024
295, năm nay ra sớm này',11/08/2024
296, 'Chúc mừng Học viện Công nghệ Bưu chính Viễn thông - PTIT đã có thêm 2 cổ đông tinh hoa Vũ Thảo và Phạm Mai Anh nhé',10/08/2024
297, 'Nguyễn Thảo Nguyên dạaa',15/08/2024
298, 'Hữu Hiếu em ơi',17/10/2024
299, 'Hung Thanh Pham đỗ không em',27/10/2024
300, 'Đs Quân 24.87 kìa a',27/10/2024
301, 'Phạm Quốc Hưng buồn vậy',03/11/2024
302, 'Thổ Thiếu Ngạc 24,28/09/2024
303,94 m ơi',27/09/2024
304, 'Cao Dat yên bề gia thất',13/07/2024
305, 'thừa thắng xông lênnnnn',01/08/2024
306, 'Yến Nhi ơ kìa attt',29/10/2024
307, 'Nguyễn Thùy Giang phong cách',03/09/2024
308, 'Phương Vũ Ai sợ thì đi về',18/07/2024
309, 'Tú Nguyễn Doanh Tran Nguyễn Kiến Quốc nãy ai đoán chuẩn',21/10/2024
310, 'Nguyễn Quang Nam đáy xh quá:))',28/07/2024
311, 'Nguyễn Kiến Quốc thế cx đỉnh nóc roài',10/09/2024
312, 'Nguyễn Quang Nam không chuẩn lắm nma gần đúng sai số 0.15',05/09/2024
313, 'tôi đoán 25,27/10/2024
314,75 mà',03/08/2024
315, 'Nguyen Thai muon gap en',24/07/2024
316, 'Thảo Thảo Thảo ở một vũ trụ nào đó mà ptit rẻ hơn',06/11/2024
317, 'Trịnh Quang Anh nghe quả 850k các em chạy vội',01/09/2024
318, 'Trần Minh Anh tôi đỗ cnđpt r bạn ơi',23/08/2024
319, 'Quỳnh Như dc 1 vé học cùng hk rồi nhé',30/09/2024
320, 'Quỳnh Như sáng bảo anh lai đi học',06/10/2024
321, 'Trôn.',10/09/2024
322, 'Tuấn Anh bạn đỗ không',19/09/2024
323, 'Linhh Bùi em thích chị',02/07/2024
324, 'Thu Linh mắc j thích',02/07/2024
325, 'Linhh Bùi em thấy chị đỗ ptit,30/08/2024
326, quá ngầu',11/09/2024
327, 'Thu Linh dức đuýt',17/09/2024
328, 'Tưởng tăng chứ',19/10/2024
329, 'Chii Dânn siêu sale',29/07/2024
330, '@lộc Lộc Dương',01/09/2024
331, 'Quang Hieu Nguyen Duy Linh đỗ chưa :)))',01/10/2024
332, 'Đỗ Huy Hoàng trượt r điểm chuẩn cao quá',11/10/2024
333, 'Dương Đức Huy tdh xịn ác',12/07/2024
334, 'Đức Nguyễn anh oi em trượt rồi huhu',24/07/2024
335, 'Đức Anh Nguyen ô định khao tôi cj',05/09/2024
336, 'Nguyễn Hồng Hải oai chưa',13/07/2024
337, 'Trịnh Phương Chi ko oai',17/10/2024
338, 'Nguyen Hong Hanh này :))',13/10/2024
339, 'Phạm eeyyy',13/07/2024
340, 'Hà My đỗ chưa c ơi',14/09/2024
341, 'Dương Hoàng đỗ nvong 1 rùiiii',28/08/2024
342, 'Phạm Khải shock',04/09/2024
343, 'Tang Hoang Qui flash sale',02/07/2024
344, 'Phạm Khải sập sàn',08/09/2024
345, 'công nghệ thông tin chất liệu cao :)))',04/09/2024
346, 'HoànG Việt newbe hunter',17/10/2024
347, 'Nguyễn Minh hellooo bạn mới',28/09/2024
348, 'Hieu Nguyen cậu ngành nào thế',20/09/2024
349, 'Nguyễn Minh tớ công nghệ thông tin cậu ơi',07/09/2024
350, 'Hieu Nguyen cậu mua điểm à tớ với cậu tx1 thôi',17/10/2024
351, 'Nguyễn Minh tớ thi tsa cậu ơi',14/10/2024
352, 'Hieu Nguyen cậu còn chưa bằng kong nữa',21/09/2024
353, 'Nguyễn Minh cậu nhầm à tớ là kăng mà',29/09/2024
354, 'Nguyễn Thắng giật mình',27/09/2024
355, 'Viễn Dương múc đi em đỗ D kì',06/07/2024
356, 'Nguyễn Thắng ê sao lấy đgtd cao hơn back khoa mà thpt lạ v',17/07/2024
357, 'Viễn Dương sao hỏi tao :))))',23/08/2024
358, 'Hehhe bất ngờ quá,18/07/2024
359, đỗ ptit rùi ạ. Em yêu trường P giống như cách mà người con gái em yêu\nP',26/10/2024
360, 'Hùng Minh',06/08/2024
361, 'Công Long',18/10/2024
362, 'Nguyễn Long',23/08/2024
363, 'Ngô Việt Tiến',27/10/2024
364, 'An Thanh Thời',26/07/2024
365, 'Uyên Uyên',09/10/2024
366, '',06/08/2024
367, 'Luyện Lương',22/07/2024
368, 'Haa Toann điểm giảm buồn quá ,22/10/2024
369,sao k tăng lấy vài điểm',02/09/2024
370, 'Zangg Zang',14/07/2024
371, 'Kìu Thành Đạt Vũ Thái',28/09/2024
372, 'Ph Lien èo',25/08/2024
373, 'Vũ Thái năm nay giảm nhỉ',03/10/2024
374, 'Kìu Thành Đạt giảm ỉa ra quần',14/09/2024
375, '',13/10/2024
376, '0,03/10/2024
377,05',10/07/2024
378, ':))))',20/07/2024
379, 'Tuan Thanh ê',19/07/2024
380, 'Tran Ngoc Ly',23/07/2024
381, 'Tùng Thanh Khánh Phạm',27/07/2024
382, 'Nguyên Khánh',21/09/2024
383, 'Phùng Hoàng',12/10/2024
384, 'Nguyễn Duy',04/08/2024
385, 'Phạm Giang -))))',15/08/2024
386, 'Trần Tùng',18/07/2024
387, 'Đức Tài Đỗ Hoàng Phúc Quang Tran',22/08/2024
388, '',16/09/2024
389, 'Lưu Mạnh',09/08/2024
390, 'Lưu Ngát may là thừa 0,19/07/2024
391,03 điểm',29/09/2024
392, 'Lưu Mạnh aonhey',12/07/2024
393, 'thừa 0.04 chào thừa 0.03',27/08/2024
394, '?',04/09/2024
395, 'Nguyễn Ánh Tuyết',18/10/2024
396, 'Hung Mai',15/09/2024
397, 'https://www.facebook.com/groups/d24ptithanoi',16/10/2024
398, '20. Công nghệ thông tin chất liệu cao@@',01/10/2024
399, 'Hết mụn đẹp trai xinh gái chỉ với 99k tại @AYG Trị Mụn số 1 Hà Đông',07/07/2024
400, 'Em là chất liệu cao nhe\nDương Quang Hào',23/10/2024
401, 'Nguyen Duc Tu chào tân sinh viên PTIT',27/08/2024
402, 'Huyền Nguyễn hơi bất ngờ',07/08/2024
403, 'Phạm Thị Khánh Huyền hihi',08/08/2024
404, 'iu ptit',15/10/2024
405, 'All in ptit',01/10/2024
406, 'Uâyyyyy',14/09/2024
407, 'Lê Minh Sơn đậu r',22/10/2024
408, 'Lưu Minh bú',30/09/2024
409, 'up’ bo^',10/07/2024
410, 'Đỗ r Trần HoàngAnh',16/08/2024
411, 'Ngô Quang Huy thiếu 0.1 :((((',30/09/2024
412, 'Tạ Minh Quang hic hic',24/10/2024
413, 'Giang Đoàn đặt vào là đỗ hết chứ còn',06/11/2024
414, 'Mỹ Tâm full',17/08/2024
415, 'Sale'],30/08/2024
416,['Còn 2 cây bàng bên hông phải nhà a2 nữa mà ad',21/08/2024
417, 'Cây sưa còn ổn khum',13/07/2024
418," ""Lưu Thị Nguyệt Anh ổnn't""",14/10/2024
419, 'Lưu Thị Nguyệt Anh may quá,05/08/2024
420, em nó vẫn ổn để còn có chỗ cho các anh chị sv check in',31/08/2024
421, 'Học viện Công nghệ Bưu chính Viễn thông - PTIT trộm vía chứ hoa rõ đẹp luôn ad',18/08/2024
422, 'Hóa ra học phí bọn e đặt ở đây..',10/10/2024
423, 'giống phim kinh dị quá ạ',23/09/2024
424, ':,06/08/2024
425,))) đá ốp tường cũng k yên hả',16/10/2024
426, 'Minh Hue Bui năm sau cô trò mình hết chụp ảnh bằng lăng oyyyy',06/10/2024
427, 'Hoàng Hải Lý vẫn còn nhiều mà,01/10/2024
428, nó thấp nên đỡ hơn các cây cao',07/09/2024
429, 'Mai nhập học chỉ đổi ngày còn giờ vẫn giữ nguyên ạ ad',11/10/2024
430, 'Hậu Lee vì chỉ còn số ít sv chưa nhập học nên em đến nhập học vào buổi sáng được nhé',11/09/2024
431, 'Confession mới cho mn muốn hỏi gì mà ngại nhee\nLink Page bên dưới',10/07/2024
432, 'Mong trường sớm chữa lành',12/10/2024
433, 'Phạm Văn Phúc thời gian sẽ chữa lành mọi vết thương em ạ',02/09/2024
434, 'May quá vợ không bị lsao',20/09/2024
435, 'cứu em mn ơi học zoom 3h mà baaaayh em ko tìm đc link ạ huhu',31/07/2024
436, 'Ai cho tôi biết cây sưa cổng trường sao rồi đii',22/10/2024
437, 'Nguyễn Thu Hiền nhìn trường cũng buồn nhưng mà mai mình đi nhặt sấu không:((',22/10/2024
438, 'Nguyễn Kim Huệ nay nhặt xoài chưa đã tay hả mà còn tính mai đi nhặt tiếp',05/09/2024
439, 'khủng khiếp thật',27/08/2024
440, 'Linh Ngọc Ngô Huyền hsau học lí mát lắm',18/10/2024
441, 'Ngọc Ahn Hoà mk vào thiên nhiên',22/10/2024
442, 'Linh Ngọc Ngọc Ahn mang chăn lên đắp',22/09/2024
443, 'Ngô Huyền phòng thông vs ngoài trời r,05/07/2024
444, mang lên ngủ bao sướng',07/09/2024
445, 'Ngọc Ahn mang ô đi kẻo mưa nó hắt nắng nó chói',20/08/2024
446, 'Linh Ngọc tương lai sáng chói thế còn gì',28/10/2024
447, 'Nghỉ mấy hôm cho trường sửa sang lại vậy...',18/07/2024
448, 'Lâm Lương Phúc sinh viên chủ động thôi,26/10/2024
449, lớn r phải biết ý',20/08/2024
450, 'Hoang tàn gần bằng PTIT nam kì',19/08/2024
451, 'Đặng Sỹ Khang ôi PTIT:((',28/10/2024
452, 'Hoai Anh ôi khôm:<',10/10/2024
453, ':((( sad quá tr quá đất',04/07/2024
454, 'Long Ha dấu hiệu học phí tăng',14/09/2024
455, 'Cá vàng ở đá thần k biết sao rồi Thu Hòa',13/07/2024
456, 'Nguyễn Mạnh Hùng anh ơi anh có nhiều vc để làm rồi',03/09/2024
457, 'Dương Ngọc Huyền bạn ổn khong',14/07/2024
458, 'Thu Phương bạn phải hỏi là trường tôi ổn ko chứ :))',09/07/2024
459, 'Trịnh Xuân Lộc',02/07/2024
460, 'Nguyệt Nga r u okey:>',30/10/2024
461, 'Kien Hoang xin 50k',12/09/2024
462, 'Phạm Phương Thảo Nguyễn Trang sầu',07/08/2024
463, 'Đình Hoàng Võ ổn ko',05/07/2024
464, 'Quỳnh Trang còn sống nhé',12/07/2024
465, 'Vũ Phương nao cho anh đi học ké nhó',31/08/2024
466, 'Bảo Long okee gái iu nhó',26/09/2024
467, 'Vũ Phương ăn mặc bảnh bao đi học ké ngừi eo',29/10/2024
468, 'Cường PhanKhắc Tuấn',20/07/2024
469, 'Trung Hiếu',31/10/2024
470, 'Nguyễn Thọ Đạt',10/09/2024
471, 'Triệu Vy bn khoá d24 à',11/09/2024
472, 'Nguyễn Thọ Đạt khoá nào mà ny bn ớ',17/10/2024
473, 'Hoàng Minh Anh',22/09/2024
474, 'Lê Thị Mai Hương',14/09/2024
475, '',14/07/2024
476, 'Yến Nhi',13/07/2024
477, 'Tôi yêu trường của tôi',25/10/2024
478," ""Nguyễn Kim Nhật Minh i'm sorry""",11/09/2024
479, 'Vch'],24/07/2024
480,['Còn nguyên thật nè =))',10/10/2024
481, 'học viện tỷ đô'],23/07/2024
482,[],16/08/2024
483,[],06/08/2024
484,[],10/09/2024
485,['Bạn nào vô tình va phải QR thì cap lại rồi cmt cho mọi người chia vui nhé. Đừng quên quét nhanh kẻo biến mất,24/08/2024
486, cơ hội vụt qua',11/09/2024
487, 'Học viện Công nghệ Bưu chính Viễn thông - PTIT QUÊN MK R H SAO ĐÂY A',05/07/2024
488, 'NÓNG: cú quét mã đầu tiên đến từ N.Q.T.A sinh viên D23,15/09/2024
489, đẳng cấp là đây',21/10/2024
490, 'Chơi game xanh chín nào các bạn ơi. 5 bạn nghi vấn hack điểm về 0 trải nghiệm từ đầu nhé',12/10/2024
491, 'đề cử Game of the year',09/10/2024
492, 'Quả game cho quả mê cung khó điên',20/08/2024
493, 'Trương Quốc Bảo hãy để ý những thứ xung quanh ngoài tường trắng để tưởng tượng ra sơ đồ nhé. Cố lên',30/08/2024
494, 'Trương Quốc Bảo đâu cũng có mặt :<',04/11/2024
495, 'Game có đánh boss hay sinh tồn chạy bo ko ạ',27/08/2024
496, 'game đỉnh vl mấy con gà biết gì',17/08/2024
497, 'Đinh Sơn Tùng mê thật,12/08/2024
498, tôi chơi k biết chán',25/09/2024
499, 't cần 1 video giới thiệu cách tải :)) t quá là mù công nghệ rồi',03/07/2024
500, 'Thanh Tâm mac đúng k mac thì k chạy dc đâu\nCài win giả lập ấy :)))\nToi vừa cài xong',23/09/2024
501, 'Nguyễn Huyền thoi t từ bỏ rồi :)))',11/07/2024
502, 'Thanh Tâm … trải nghiệm thì vô số nma cài win thì nguyên buổi chiều :)))',10/07/2024
503, 'Thanh Tâm cài win ảo vào máy đi tâm',17/10/2024
504, 'Hườngg thoi lười lắm :))',06/08/2024
505, 'Game này có PvP không ạ',11/08/2024
506, 'Nguyen Anh Tuấn có pvp bản reality bạn nhé',09/07/2024
507, 'Nguyen Anh Tuấn đòi hỏi quá vậy',02/11/2024
508, 'Nhân vật của em vừa đói vừa bị kẹt trong mê cung,18/07/2024
509, cứu em với',22/07/2024
510, 'Trường tâm lý thật đang học onl tung quả game này',27/10/2024
511, 'mình muốn nạp để đua top thì vào link nào ạ',25/08/2024
512, 'Thứ tôi cần là 1 em NPC animi chứ này trông creepy quá đi à :>',06/11/2024
513, 'chs đc trên đt k ạ',30/08/2024
514, 'ai làm video walkthrough đi xem ké :))',17/08/2024
515, 'huhu ăn quả ngất trừ point căng quá',30/10/2024
516, 'Game có sơn skin tăng dame ko ạ',12/08/2024
517, 'Bui Thanh Son phai phai à =)))',02/08/2024
518, 'Bui Thanh Son khả năng phải săn boss lấy điểm rèn luyện,10/07/2024
519, nạp thẻ cường hóa thẻ sinh viên lên bạc kim cương các kiểu nữa',20/10/2024
520, 'Nguyễn Thế Quý :))) Nạp lần đầu có được trang bị siêu cấp tối thượng,20/07/2024
521, 5 triệu điểm sức mạnh,10/09/2024
522, vũ khí hiếm khum',10/08/2024
523, 'Có link nạp k shop',06/09/2024
524, 'CHÚNG TA CÓ PỜ TÍT SIMULATOR TRƯỚC GTA 6',29/08/2024
525, 'Như Nguyễn Hà :))))))) t se xoa pub doi sang cay rank nay',03/11/2024
526, 'Game có nạp lần đầu ko ạ',28/08/2024
527, 'k đăng nhập dc:))',17/09/2024
528, 'Game có nạp vip kiếm qr code vip buff đrl k để e kêu cno nạp :)))',12/09/2024
529, 'game này có những gamemode gì ạ',08/09/2024
530, 'game có multiplayer không ạ =))',03/07/2024
531, '=)))) trường thú vị quá ạ',29/07/2024
532, 'Có nạp lần đầu k v',15/10/2024
533, 'GTA 6 gọi bằng cụ',21/08/2024
534, 'Có nạp lần đầu không ạ',14/10/2024
535, 'Thế là khỏi sợ thiếu đrl',23/09/2024
536, 'Confession mới cho mn muốn hỏi gì mà ngại nhee\nLink Page bên dưới',20/08/2024
537, 'choi chong mat vl cuu',13/09/2024
538, 'Đc liên hệ nhận quà này quen quá :))))',27/10/2024
539, 'Đậu Đậu ơ kìa fen =))))',03/08/2024
540, 'Admin ơi mã sinh viên của e ai lấy r ấy. Vô đki nó bảo bị trùng mã sv',12/10/2024
541, 'Ad ơi e đến phần đăng nhập nhận qr rồi nhưng ko bấm được thì làm sao ạ',08/07/2024
542, 'Game cut scene 5p không skip nên em đánh giá 1 sao nhé',05/10/2024
543, 'các ngài cho e hỏi vị trí của 15 sao ạ,30/09/2024
544, em tìm thấy có 14 cái',14/07/2024
545, 'Phạm Quốc Tuấn xung quanh trường + 2 cái trong mê cung = 14 cái pko',09/08/2024
546, 'Nguyễn Thế Dương ko tính 2 cái trong mê cung luôn á',18/08/2024
547, 'Không đăng nhập được shop ơi',19/08/2024
548, 'Chs đc trên đthoai k ạ',26/08/2024
549, 'The Sims bản lỗi',04/08/2024
550, 'Nạp vip ở đâu ạ :)) với em lỡ cắt cụt cái thanh stamina đi chắc là vẫn tính hợp lệ nhỉ',04/11/2024
551, 'file có hình toà A2 là cái File nào vậy huhu trường ơii',14/09/2024
552, 'có hách inf điểm rèn luyện ko a',20/09/2024
553, 'Không tải được ạ',20/09/2024
554, 'Độc lạ PTIT',02/09/2024
555, 'Ko cướp xe đc ạ',04/09/2024
556, 'đọc lạ prir',03/11/2024
557, 'Em tiền đình sau khi giải mê cung',09/10/2024
558, 'trông sợ sợ thé ạ',26/07/2024
559, 'Sao file tải nó k chạy v ạ',06/08/2024
560, 'Mê cung khó quá phải bug thôi :)))',05/08/2024
561, 'cày rank cày rank',04/10/2024
562, 'Lưu Phương giống game của illusion thế nhỉ',14/09/2024
563, 'Nguyễn Trung Đức học viện tạo matrix cho sinh viên à?',07/08/2024
564, 'Nguyễn Trung Đức hoài niệm k e',03/09/2024
565, 'Nguyễn Toàn ám ảnh vl :))',14/07/2024
566, 'Dùng mac tải kiểu gì vậy mn',05/11/2024
567, 'TunahNot Tuna cho ng tối cổ tìm tựa game nè =))',14/10/2024
568, 'Ngọc Trâm thánh kìu',04/10/2024
569, 'Đã ngắm trường trực tiếp giờ còn có phải ngắm trường online nữa à :)))',25/09/2024
570, 'kiếm mãi đc hơn 200 trừ phát còn có trăm quá căng r ai biết cách cày không chỉ em với ạ',03/11/2024
571, 'Mã này là 1.4 ạ?',31/10/2024
572, 'Hạnh Hồng đúng r em',19/08/2024
573, 'Tâm Nguyễn mình thêm cả 2.3 nữa được kh? Em đang thiếu 2.3 trầm trọng',17/10/2024
574, 'Tâm Nguyễn cho e xin key với :>',24/07/2024
575, 'Nguyen Manh Tan =))) yêu trường đi em,27/07/2024
576, tự chơi đi làm gì có key',16/08/2024
577, 'Tâm Nguyễn em yêu trường r,04/08/2024
578, chị cơ cấu key cho em iii',17/10/2024
579, 'Hạnh Hồng t không tải đượccc,22/10/2024
580, giải nén xong nó ra cái gì ấy đù má',12/07/2024
581, 'Thanh Tâm người chơi hệ Mac làm sao mà hiểu đc',19/09/2024
582, 'Hạnh Hồng chả lẽ lại cài win về máy thì lại lòng vòng',10/08/2024
583, 'Nguyễn Văn Quý sếp bảo mac thì ngồi lướt fb đi thôi :)))',20/10/2024
584, 'Hạnh Hồng có mã cho bạn với nhé',27/07/2024
585, 'Mai test lại,06/11/2024
586, t chưa biết chơi',01/08/2024
587, 'Hạnh Hồng còn t thì chưa tải được :)))',01/07/2024
588, 'góp ý là game giật giật như faifai nha ad\ncác gameplay quá mất tg để có thể chơi',18/09/2024
589, 'Đây rồii',17/09/2024
590, 'Thông Chu cày game này đi cậu',06/07/2024
591, 'Thiện Đinh game of the year',06/11/2024
592, 'Thông Chu bmw tuổi',17/10/2024
593, 'Goty 2024 đây rồi',06/11/2024
594, 'Nguyễn Thế Chiến anh ơi gêm này có quảng cáo ko anh',11/07/2024
595, 'Hồng Phúc Nguyễn Phương Thảo Phòng đổi thành game này chơi đi',02/10/2024
596, 'Yến Vy b thấy sao =))))))',28/09/2024
597, 'Nguyễn My B còn ko giải nén đc\nMuốn thử ko bro',10/08/2024
598, 'Yến Vy nhà cửa bạn đỡ lụt tôi sang ngủ trưa chứ nén nủng gì =))',27/08/2024
599, 'Cho nhân vật ăn kiểu gì',22/10/2024
600, 'Quỳnh Chi đua top đi....\nRồi lấy quà cho bố nhé con',05/07/2024
601," ""Vu Thu Hienn dm cho vào cái mê cung đi hết 6' vẫn về vị trí ban đầu=)))""",07/08/2024
602, 'Quỳnh Chi trg ác=))',08/07/2024
603, 'Nguyễn Minh trường m chất v',09/09/2024
604, 'Quê mật khẩu thì sao ạ',06/09/2024
605, 'Tran Tiến Anh em này kiếm được mấy mã qr rồi?',11/08/2024
606, 'Cần lắm chỗ đổi mk',22/09/2024
607, 'sao game e vào nó cứ bị ở mh chờ',26/09/2024
608, 'Tải kiu j z mn',14/08/2024
609, 'goty 2024',18/10/2024
610, 'Đặng Thái Sơn ? Vua trò chơi ko thấy trên bxh vâyh',21/08/2024
611, 'Kim Jong Hiệp ngạo nghễ trường có game cày rank kiếm điểm rl',20/09/2024
612, 'Đinh Quang Huy leo rank cày điểm rèn luyện thôi em',08/09/2024
613, 'Pham Huy game này xứng đáng goat',22/10/2024
614, 'Mạnh Quânn leo rank kiếm drl :))',03/11/2024
615, 'An Nguyễn vip chx drl là chuyện nhỏ :))',10/08/2024
616, 'Kính Thành b rank đồng 2 ah',20/09/2024
617, 'Nhat Ngo Hong còn chưa đủ cấp có rank cậu ơi',12/09/2024
618, 'Nguyễn Quân này cày rank',03/07/2024
619, 'Phương Nhi Ngô lên cao thủ chưa bé',10/10/2024
620, 'Phạm Hiếu cho tk nhân vật ăn kiểu gì vậy a e sắp ngất chết đói r,20/09/2024
621, nhiều bug quá',14/07/2024
622, 'Quang Huy nạp tiền để hồi sức a nhé',21/09/2024
623, 'Lê Hải chơi game còn có điểm rèn luyện',06/09/2024
624, 'Phạm Hùng Nguyễn Long vào nhót top 3 nào các tình yêu',23/07/2024
625, 'Đặng Duy Khánh :))))) nganh game nay',02/07/2024
626, 'Hải Triêu này anh',26/09/2024
627, 'Tuan Quoc leo rank kìa',30/07/2024
628, 'chả',28/10/2024
629, 'Đức Tài Đỗ Hoàng Phúc bỏ liqi đi bạn,10/09/2024
630,cày cái này này',26/08/2024
631, 'Xuân Đạt ngao nghe ptit',07/07/2024
632, 'Đỗ Danh Dũng chacchannanhuzayzoi',04/09/2024
633, 'Nguyễn Thanh Tùng bỏ cày LQ thôi',02/08/2024
634, 'Nguyễn Thị Hải Duyên khó đấy',07/07/2024
635, 'Hà Linh Nhi Nguyễn Tiến Hải 2 vua trò chơi thử sức xem(?)',08/09/2024
636, 'Phương Su kì trc điểm t yếu kém nha',11/07/2024
637, 'Nguyễn Văn Hoàng cũng ít trò lắm',30/08/2024
638, 'Đào Xuân Mai phòng CT&CTSV đỉnk ma',19/10/2024
639, '---{ Audience }---\n☐ Kids\n☐ Teens… Xem thêm',31/10/2024
640, 'Bui Phuc',22/08/2024
641, 'Bui Phuc',25/10/2024
642, 'Bui Phuc Láo vocung',25/07/2024
643, 'Nguyễn Khải làm thử đi',16/10/2024
644, 'Duc AnhTrần Nam leo top thoi cac em',17/10/2024
645, 'Nguyên An quit',27/07/2024
646, 'Duc Anh +1',27/08/2024
647, 'Chu Quang Long tải đi mai chơi',09/07/2024
648, 'Hương Giang Lê Vương Hồng Hạnh săn đrl kì',11/08/2024
649, 'Trần Linh k giải nén đc tập tin bay oi',14/07/2024
650, 'Trần Linh Bỏ lq r cày game này đi m',24/09/2024
651, 'Hương Giang Lê game này ko chửi nhau giống lq đc',01/09/2024
652, 'Đô Duy Quân Nguyễn Lâm Vĩ Nguyễn Quang Huy đua top thôi :)))',27/10/2024
653, 'Thạch Văn Khiêm nhanh kẻo mất top',23/07/2024
654, 'Game có hệ thống nạp lần đầu,06/07/2024
655, nạp vjp sơn sì kin tăng dmg,10/10/2024
656, tăng tỉ lệ nổ chí mạng điểm rèn luyện không ạ\nEm hỏi hộ thằng bạn',29/10/2024
657, 'Chất Lỏng Phi Newton Thư Minhh lên ae',20/09/2024
658, 'Tố Uyên đây nè đây nè',29/09/2024
659, 'Dương Ah Ngũ độc lạ k bạn',19/07/2024
660, 'Thế Hùng leo rank thoi b',03/09/2024
661, 'Nguyễn Văn Giáp làm đi',24/08/2024
662, 'Hoàng Hảo crash game cmnr',12/09/2024
663, 'Linh Nhi cày cho tao',22/10/2024
664, 'Ng Đức Nguyễn Minh Tunấ Kiệt gô',28/09/2024
665, 'Nguyễn Quốc Huy cút',08/08/2024
666, 'Nguyễn Quốc Huy được cộng điển rèn luyện à',01/09/2024
667, 'Nguyễn Hạnh absolute cinema',05/11/2024
668, 'Nguyen Phong tuyet doi dien anh',10/07/2024
669, 'Trần Tiến Dũng kìa',28/08/2024
670, 'Lê Bảo ko chạy đc',18/07/2024
671, 'Trần Dũng test di eim',18/10/2024
672, 'nạp lần đầu được vip mấy thế shop?',04/11/2024
673, 'Duy Khánh có nạp lần đầu không thầy',19/07/2024
674, 'Nguyễn Doanh nào nào,15/08/2024
675, để im cho admin thở =))) lộ liễu thế này chết',15/09/2024
676, 'Duy Khánh Em thấy phần liên hệ quen lắm',28/07/2024
677, 'Nguyễn Dược Anh Minh',21/08/2024
678, 'Cung Đạt oge',28/10/2024
679, 'Quang Ngoc Nguyen',08/10/2024
680, 'Nguyen TMinh Nguyet',23/10/2024
681, 'Xuân Bách',18/08/2024
682, 'Phương Thuỷ',29/09/2024
683, '???',04/08/2024
684, '?',23/09/2024
685, 'Thế Văn',05/07/2024
686, 'Lê Văn Giáo',01/07/2024
687, 'Lê Trúc nghịch linh tinh. Tải về cho nhím vs sóc làm thay cụ đi',07/08/2024
688, 'Ngọc Huyền Trần Linh',22/10/2024
689, 'Sang Trần mơ',21/08/2024
690, 'Bùi Ngọc Linh ê ê',30/08/2024
691, 'Hồ Thị Thanh Hoa chúc m may mắn',04/10/2024
692, 'Bùi Ngọc Linh cái t chú ý là QR đrl',04/11/2024
693, 'Hồ Thị Thanh Hoa cố lên,30/10/2024
694, học viện sẽ mỉm cười với bạn thoi ><',02/11/2024
695, 'Shiro Neko( :',13/09/2024
696, 'Hirosaki Kusaka thấy r ;-;',16/09/2024
697, 'Shiro Neko Tag để mở bằng lap : D',03/11/2024
698, 'Quang Huy Vũ',08/10/2024
699, ':))',04/07/2024
700, 'Lê Đức Thọ',06/11/2024
701, 'Trần Đình Anh ?',19/08/2024
702, 'Kiên Jong Un kiểu chi cũng phải có điểm rèn luyện',25/09/2024
703, 'Trần Đình Anh Qr trong tay nhận ngay điểm 10 à',09/09/2024
704, 'Hưng Hoàng ê',27/09/2024
705, 'Game này có chơi đc trên đt k ạ',27/09/2024
706, 'Ad ơi e đến phần nhận qr rồi nhưng bấm lại phải đăng nhập thì làm sao ạ',04/11/2024
707, 'Xuân Đạo có bản hack k',09/07/2024
708, 'có mút nót =))',15/08/2024
709, 'Nguyễn Đức Thắngng',15/08/2024
710, 'GOTY 2024',15/07/2024
711, 'Đức Phan ptit in my mind',21/10/2024
712, 'Đỉnh điên,29/07/2024
713, học phí 1tr/tín cũng nguyện học',01/07/2024
714, 'Ánh Dương Nguyễn Thanh dô fen',25/08/2024
715, 'Trần Huy check',05/07/2024
716, 'Nguyễn Phạm Yến Bình. Độc lạ',19/07/2024
717, 'Tấn Vân Minh ... :))'],05/07/2024
718,[],14/08/2024
719,[],10/07/2024
720,['Sinh viên giờ giống khách hàng nhỉ. Em có nguyện vọng hay đóng góp gì thì liên hệ trực tiếp với Học viện nha\nVề chất lượng đào tạo của các Khoa,16/09/2024
721, ngành,23/09/2024
722, chương trình đào tạo đã có các đơn vị thẩm định đánh giá chất lượng.\nTự do ngôn luận là con dao h… Xem thêm',07/07/2024
723, 'Duy Khánh bạn cứ bị lói chuẩn thế nhẩu',31/08/2024
724, 'nhắn tin,05/08/2024
725, gọi điện mà trường không trả lời luôn á:)) mãi chê... mà biết sao giờ,04/10/2024
726, lỡ đóng học phí r mà:)))',04/09/2024
727, 'Thôi thì chúc may mắn trong 5 năm tới nhé =)))',30/08/2024
728, 'Ủa chuyện quá bình thường ở trường luôn ấy. Không đọc review à',02/10/2024
729, 'quả điểm chuẩn thì đúng là muộn thật nhưng muộn so với trường khác chứ kh muộn deadline nên cũng kh trách được =))) trường hợp lỗi hệ thống thì trộm vía t kh dính,17/10/2024
730, cái mà hồ sơ kh hợp lệ t chỉ dính lúc trường chưa công bố điểm chuẩn th =))) muộn so với… Xem thêm',24/08/2024
731, 't vẫn đang yêu trường nên mốt có gì t chửi sau hihi =))) trong chăn mới biết chăn có rận đâu trường nào hoàn hảo được 100%',21/07/2024
732, 'trường k có nhiều điểm đâu.em trừ thế này chắc âm cmn mất :))',16/10/2024
733, 'Kỳ sau giật đc cái hb là lại yêu trường ngay ý mà ,01/07/2024
734, yên tâm',24/10/2024
735, 'Chê rất nhiều từ các cựu sinh vien nhưng các bạn vẫn đâm đầu vào học thì chịu thôi chứ trách ai :))',07/07/2024
736, 'Ai sợ thì đi về,16/07/2024
737, ko nhập học',05/11/2024
738, 'Đinh Thắng Tuân Đỗ trường P thật đáng sợ',08/07/2024
739, 'Trần Phong bạn code lại cái web cho trường đàng hoàng đi bạn',22/08/2024
740, 'Trần Phong mãi yêu PTIT',03/11/2024
741, 'ủng hộ bạn thi lại nhé,23/08/2024
742,mình hèn lắm',23/08/2024
743, 'Chuyện bình thường thôi',18/10/2024
744, 'Các gương mặt mới của group Hội anti HV công nghệ BƯU ĐIỆN đã xuất hiện:>',25/09/2024
745, 'Vắng mợ chợ vẫn đông',16/09/2024
746, 'Quỳnh Em c bảo c yêu trường cho mn tin đi =))',21/08/2024
747, 'Ngh Hiền Mai Hạnh yêu trường vl huhu:))',28/08/2024
748, 'Hà Phương yêu mà :))',06/10/2024
749, 'Thắng Đỗ Đức',06/11/2024
750, 'K học thì cút. Kêu kêu cái nồn'],05/11/2024
751,['link không vào được ad ơi',03/10/2024
752, 'Hoàng Nguyễn CIE đã nhắn tin hỗ trợ em. Em check nhé'],26/10/2024
753,[],10/10/2024
754,['???',23/09/2024
755, 'Tran Quoc Anh hoang mang quá ạ',07/07/2024
756, 'Dvan Được ngáo luôn',13/10/2024
757, 'Game khó quá ai làm video walkthrough đc ko @@',17/09/2024
758, 'Dạ vâng em biết lỗi rồi',18/07/2024
759, 'Trần Diễm Kiều dối trá',05/10/2024
760, 'Đàm Quốc Hiệu một phút lầm lỡ:(((',17/08/2024
761, 'Trần Diễm Kiều chuỵ hư qué chuỵ oi',28/10/2024
762, 'Em xin lỗi mà trời ơi',16/08/2024
763, 'Văn Hoàng sáng nay vừa quét xong',27/09/2024
764, 'Trần Tú kh khác nhau',28/10/2024
765, 'Văn Hoàng trời huhu',26/09/2024
766, 'Trần Ngọc trời huhu',17/10/2024
767, 'Game như hạch,12/10/2024
768, đăng nhập còn đéo vào đc',08/09/2024
769, 'Hoàng Trần Phong có vào đc đâu',14/08/2024
770, 'Cao Nguyen tải ve chơi đc méo đâu',18/07/2024
771, 'Diệu Linh cô gửi cho tôi đk',02/07/2024
772, 'Anh Duong tôi cx đc nhận từ ngkhac mà,16/08/2024
773, zô tội',13/09/2024
774, 'Diệu Linh hóa ra muốn chết chung',07/07/2024
775, 'Anh Duong\ncoá bit gì đâu',14/10/2024
776, 'Rất lòng vòng',18/09/2024
777, 'Tạm biệt game',01/07/2024
778, 'Le Hiep pp',10/07/2024
779, 'hóng video speedrun',10/07/2024
780, 'rial',21/09/2024
781, 'em ko giải nén dc file ai lên video hướng dẫn dc ko ạ',04/11/2024
782, 'Trần Phương Khang hả hoang mang v',06/08/2024
783, 'Khánh Linh cố cày game thôi b',17/08/2024
784, 'Em còn cái mê cung thôi có được không sốp ơi',21/10/2024
785, 'chừa rồi:)',19/10/2024
786, 'Trương Công Chiến sau chừa',27/10/2024
787, 'Qr ngoài map',19/07/2024
788, 'im sorry',10/07/2024
789, 'chơi kỉu gì v ạ',30/08/2024
790, 'Phải chơi xong mới được quét mã ạ',10/07/2024
791, 'Chơi kiểu gì thế ạ ;)))',26/07/2024
792, 'Ngô Lê Lộc Việt ét ô ét anh ơi',01/07/2024
793, 'An An chưa đánh đã khai',12/09/2024
794, 'Thảo Ly :(( th để cày game',01/10/2024
795, 'An An 1/2 trong số đấy là pt04',07/10/2024
796, 'Bùn',31/10/2024
797, 'Phan Đạt tội quét k gửi t',12/10/2024
798, 'Phan Đạt trả giá đi !',22/09/2024
799, 'Khanh Toan trân trọng',30/08/2024
800, 'Nguyenn Anh Tu thích crack game k',01/10/2024
801, 'Đặng Đức Tài sisi',30/07/2024
802, 'em xin lỗi',30/10/2024
803, 'bye',07/07/2024
804, 'Chu Minh Đức Nghĩa',17/09/2024
805, '?',23/09/2024
806, '???',23/08/2024
807, 'Mỹ Duyên e xl',24/07/2024
808, 'Bùi Hiệp -1 đrl',11/08/2024
809, 'Mỹ Duyên kim bài bất tử lớp phó=)))',13/07/2024
810, 'Bùi Hiệp có chức có quyền =)))',09/10/2024
811, 'Hồng Ngọc',09/08/2024
812, 'Trần Như Quỳnh có cái đrl mà nhọc quá',20/07/2024
813, 'Phạm Linh Thảo có ae mình không =)))',17/07/2024
814, 'Nguyễn Ngọc Tuấn Bình khả năng...',06/11/2024
815, 'khả lăng khả lăng :)))',30/09/2024
816, 'Nguyễn Ngọc Tuấn Bình mình chơi là đc mà',28/09/2024
817, 'Đinh Thị Thanh Tâm phải chơi game th',12/08/2024
818, 'Hải Yến mình skip bước đầu :))',02/11/2024
819, 'Quỳnh Vũ',05/07/2024
820, 'Đào Hà My chừa chưa =)))',22/09/2024
821, 'Nguyễn Khánh dạ e chừa rồi',13/08/2024
822, 'NT Bình',03/09/2024
823, 'Thu Hiềnn xin lỗi ạ',11/08/2024
824, 'tại sao npc đẹp trai mà tsv xấu trai vậy thật là bất công',06/09/2024
825, 'Nguyễn Lê Kanh ẩu'],21/10/2024
826,['',11/10/2024
827, 'Học PTIT dễ lắm',05/11/2024
828, 'Dễ học lại ha',15/09/2024
829, 'Thật không để đi đồn',02/09/2024
830, 'Phạm LannAnhh Nguyễn Nhung dễ cho trường thành tone cam cháy',16/10/2024
831, 'Ad có phét k taa???',17/09/2024
832, 'Dễ mất tiền :))',26/08/2024
833, 'Thk nào đồn',16/09/2024
834, 'dễ học lại',24/10/2024
835, 'lùa gà nè',01/07/2024
836, 'Dễ đóng mấy củ hã :))'],27/09/2024
837,['',04/09/2024
838, 'Trường tăng học phí\nChắc chào tân mời J97 rồi',27/09/2024
839, 'riel',09/08/2024
840, 'đúng gu owO',02/11/2024
841, 'Cường Nguyễn chồng chị mà dám tranh à e',22/08/2024
842, 'Ngô Thị Hồng Hạnh m tranh chồng t à con lợn này',09/08/2024
843, 'Vipppp',29/10/2024
844, 'Hà Kim Dung mua lightstick đi quẩy đi dung',09/09/2024
845, 'Bích Ngọc dung đặt 1 bì ròi,22/09/2024
846, chia mỗi ae mỗi cái =))',06/11/2024
847, 'Hà Kim Dung cả lò cảm ơn Dung',21/10/2024
848, 'mua lightstick thôi',14/08/2024
849, 't mua sẵn 3 cái lighstick rồi chỉ chờ a jack thôi',16/08/2024
850, 'Minh Quân bán rẻ cho 1 cái đi chú',10/07/2024
851, 'Minh Quân ... của m cx to đấy nhỉ cắm đc 3 cái luôn mà',05/08/2024
852, 'trg éo đần đến z đâu',06/08/2024
853, 'Mỗi ngành tăng 5 củ là vừa',01/10/2024
854, 'Xuyến Chi chi thích lắm',05/10/2024
855, 'Hương Diệu mê',29/10/2024
856, 'Xuyến Chi đum đúm thích mê',28/07/2024
857, 'Đinh Nam mua lightstick chưa còn dùng',05/07/2024
858, 'Bach Vinh ổn k a',03/10/2024
859, 'Tuấn Phùng mua lightstick chưa còn vẫy :)))',07/08/2024
860, 'Giang An Lan này phải 2 cái 2 tay =))',01/10/2024
861, 'Mai Hoa thiên lý ơi em có thể ở lại đây không',24/10/2024
862, 'Đoàn Thảo đã he,24/08/2024
863, đã he,13/09/2024
864, mua lightstick chưa',11/07/2024
865, 'Mai Hoa ch j đã thấy phát sáng',10/10/2024
866, 'Nnguyễn Đức Thuận tăng 1tr học phí phải tặng free mỗi em 1 lai sờ tích chây 97',08/08/2024
867, 'Trần Linh nghinh về lm đèn học soi sáng tươq lai',27/10/2024
868, 'Đoàn Thảo thiên lý ơi',18/09/2024
869, 'Hồng Ngát mê nha mê nha',18/07/2024
870, 'Đoàn Thảo cho tiền mua lightstick dẩy đê',07/08/2024
871, 'Hồng Ngát ăn c*op đi',18/07/2024
872, 'Đoàn Thảo học thuộc bài trc đi',30/09/2024
873, 'Mua lightstick J97 dần thôi',26/09/2024
874, 'Lê Quang Mạnh Đóm chúa cũng cần mua ư,08/10/2024
875, tưởng anh J tặng cho chứ',22/07/2024
876, 'Bùi Hồng Hà anh J bán lightstick còn có tiền mà chu cấp cho con mà,09/10/2024
877, nên ảnh k cho dc',22/10/2024
878, 'Hải Bùi thiên lí ơi',28/08/2024
879, 'Nguyễn Hiếu chịu',19/09/2024
880, 'Nam Phương mê',22/10/2024
881, 'Lan Anh Metawin iu iuu',01/10/2024
882, 'Thùy Linh elm hối hận ch,06/10/2024
883, trc bảo tài trợ cho cái lighstick thì khum cần,05/10/2024
884, sắp tới trg mời anh rách zề kìa',30/08/2024
885, 'Yến Phạm thôi bỏ album soobin để mua lighstick',22/10/2024
886, 'Thùy Linh quá muộn r em ạ,07/08/2024
887, chị đã chốt đơn,31/08/2024
888, hết ngân sách dành cho anh rách r',16/10/2024
889, 'tự nhiên thấy mông phát sáng'],21/09/2024
890,['Đến Thư viện học bài thui nào các bạn ơiiiiii',18/07/2024
891, '@người theo dõi',12/09/2024
892, 'Nice',30/07/2024
893, 'Likeee',09/07/2024
894, 'Niceeeee',24/10/2024
895, 'Quang Minh',07/09/2024
896, 'Quá tuỵt luôn ạ',31/08/2024
897, 'Mai Hoa tối ra Thư viện học nhé,22/08/2024
898, 0 gặp 0 về',22/09/2024
899, 'Trần Nguyệt',20/08/2024
900, 'mở buổi trưa đi ạ',05/11/2024
901, 'Nguyễn Thị Lan nguyện hiến dâng 2 tiếng chơi bời mỗi ngày của NTL để đổi lấy 2 tiếng mở buổi trưa của TV',11/08/2024
902, 'Trần Hiền triển',18/09/2024
903, 'Phương Linh Tuyệt vời',09/09/2024
904, 'Trần Nguyễn Nhật Quang Trung Trung đi',06/09/2024
905, 'kì này học đến 9h về nhé',17/10/2024
906, 'Khúc Nhật Linh chỉ học nhé,21/08/2024
907, đừng để bị đuổi',20/10/2024
908, 'Phương Linh',01/07/2024
909, 'Thảo Thảo Thảo đy',08/08/2024
910, 'Phương Linh mai dj'],05/08/2024
911,['Đinh Diễm Quỳnh giỏi lắm nha',14/07/2024
912, 'Fan 2 chị Thao TranPhuong Quỳnh Nga',06/08/2024
913, 'Phương Thảo Quỳnh Nga chúng mình có nhauu',10/07/2024
914, 'TranPhuong Thao siêu',22/09/2024
915, 'TranPhuong ThaoĐang ngồi cạnh nhau',20/08/2024
916, 'Quỳnh Nga'],04/09/2024
917,['Chúc mừng đại hội đã diễn ra thành công tốt đẹp ạ'],26/09/2024
918,['toàn các diễn viên tương lai',13/08/2024
919, 'Tuyệtt',01/11/2024
920, 'Nguyễn Hà Dương Hà Ngọc các cậu có vui khi gặp lại tớ hong',16/10/2024
921, 'Hà Ngọc Quỳnh Chi rất vui ạ',28/10/2024
922, 'Quỳnh Chi còn ten xịn quá',24/07/2024
923, 'Hà Ngọc t hỏi m có vui không cơ mà'],25/10/2024
924,['Hà Quang Minh chắc liên quan đến điểm chuyên cần điểm danh :))))\nđg ra trường thg em chông gai quá',09/07/2024
925, 'Cao Đình Thi =)) vl drl kém thật',04/09/2024
926, 'Hà Quang Minh t nhắn nhắc m,09/07/2024
927, m ko rep :))) lỏ e ,03/11/2024
928, sau t tag j thì phải xem',11/09/2024
929, 'Cao Đình Thi 1 năm mẹ r',01/11/2024
930, ':))?',03/09/2024
931, '',28/08/2024
932, 'xem điểm rèn luyện ở đâu vậy ạ',23/09/2024
933, 'Thi Vũ kiểu j chả qua',31/07/2024
934, 'Kem Dâu rèn luyện cho tốt vào',18/09/2024
935, 'tốt r',19/08/2024
936, 'Gòi xong 2 năm nữa ra trường nhưng mà ra trường vì bị đuổi học :((',21/10/2024
937, 'Lại vẽ ~',10/07/2024
938, 'Tiến Thắng Haizzz :>> 3.8 cũng chỉ là con số thôi anh',29/08/2024
939, '??????????',15/10/2024
940, '?',28/08/2024
941, 'Lắm trò Anh Nguyen Duc',11/09/2024
942, 'Mô phật',29/07/2024
943, 'Lắm trò',14/07/2024
944, 'Hoàng Đăng slink t hỏng ôi trời',23/10/2024
945, 'Lộc Nguyễn Slink nhìu lỗi lắm,22/08/2024
946, Slink tao giờ cũng đang bị lỗi :<',17/08/2024
947, 'Ngonnn r',03/11/2024
948, 'Hưng Hoàng rèn luyện đi',18/07/2024
949, 'Mạc Văn Thành chưa bao giờ bỏ học đi học muộn\nchăm ngoan',16/09/2024
950, '??',08/10/2024
951, 'Trịnh Châu Anh hahahhaha bày vẽ m ạ',05/07/2024
952, 'Thanh Mai mệt ghê má',16/09/2024
953, 'Lại làm trò điên =))',04/10/2024
954, 'Hoàng Quốc An bạn sợ à??',23/08/2024
955, 'Cựu sinh viên',02/09/2024
956, ':))??',12/09/2024
957, 'Hà Đan mở clb những cô nàng ý nghĩa ikk',07/07/2024
958, 'Hằng Thanh Nguyễn để tớ đi đky mở clb ha,14/10/2024
959, mục tiêu của cta là vô tri',29/07/2024
960, '?',14/10/2024
961, 'Hà Đan hạnh kiểm trung bình thì đúp đây mà=))))))',02/08/2024
962, 'Trần Thị Mai Hương toi đang thấy nhức nhức cái đầu rồi ớ',28/07/2024
963, ':)) Nguyễn Linh Thu Hương xem trường vẽ gì này',01/08/2024
964, 'Nguyen Ngoc Ha :))',06/09/2024
965, 'Nguyen Ngoc Ha nghỉ học thui',16/09/2024
966, 'Nguyen Ngoc Ha tốt khỏi bàn',02/08/2024
967, 'Mai Duyên :)))))))))))))',18/10/2024
968, 'Lâm Văn Vũ :((',12/07/2024
969, '????',22/09/2024
970, 'Trần Minh Hiếu Nguyễn Huy liệm :))',18/07/2024
971, 'sắp bị đuổi học r',17/07/2024
972, 'Trần Minh Hiếu\nah đã bị kém đâu',26/07/2024
973, 'Năm sau cố gắng nào :))',10/09/2024
974, 'Phạm Minh Đức vcl',10/08/2024
975, 'Mai Hải mày xong rồi',08/09/2024
976, 'Điểm chuyên cần là gì v mn',06/09/2024
977, 'Ngô Trung Hiếu a hieu nhac tanh ng di',05/10/2024
978, 'Tiến Nam tanh ng thì giỏi rồi chắc k sao đâu a nam ơi',04/09/2024
979, 'Ngô Trung Hiếu nma co tai k co duc',10/07/2024
980, 'Tiến Nam có tài mà k có xỉu',30/09/2024
981, 'Tuấn Anh Dũng Hùng Lê là sao',14/08/2024
982, 'Đỗ Quang Huy nhảm vl',05/11/2024
983, 'Đỗ Quang Huy ai bt :))',03/11/2024
984, 'Văn Quốc NguyễnKhánh HưngBui Duc Hiep mấy a cứ liệu hồn',27/09/2024
985, 'Đức Mạnh vl :))',17/09/2024
986, 'Kim Anh là zư nào',14/10/2024
987, 'Nguyễn Lan Phương rèn luyện kém là bao nhiêu điểm hả bây',12/08/2024
988, 'Nam Nguyễn hay này bạn =)))',18/09/2024
989, 'Nguyễn Mạnh Khiêm riêng m có đi hc à',05/11/2024
990, 'có mùi giống bên H trc đây',27/10/2024
991, 'Là s z',10/08/2024
992, 'nghia la k dien phieu nua ...',18/07/2024
993, 'Luyện Lương Nguyễn Đức chưa bị đuổi vì gpa kém thì đã cút bằng cái này trc rồi',15/10/2024
994, 'Đình Hưng trở ngại đến con đường 9 năm',28/07/2024
995, 'Đình Hưng phải nháp nốt kỳ này mới được',04/11/2024
996, 'Nhật Tuệ đm',15/09/2024
997, 'Lê Trần Nhật Minh tự nhiên thấy lo lắng cho điểm rèn luyện:))',24/10/2024
998, 'Lê Trần Nhật Minh -5đ rèn luyện',07/10/2024
999, 'Viet Quan Nguyen Dat thành lập tổ chuyên án',10/08/2024
1000, 'Phúc Đình Nguyễn chill',19/09/2024
1001, 'Nguyễn Anh Hào ptit kì 1 chả làm gì vẫn xếp loại tốt ko phải cày từng điểm như hust đâu',21/08/2024
1002, 'Nguyễn Văn Long Hoang Việt Anh ở nhà thôi:)',17/09/2024
1003, 'Tùng Hoàng rủ nhau làm trò kk',30/08/2024
1004, 'Tiến Dũng sờ pai',09/08/2024
1005, 'Liên quan gì đến kết quả học tập',04/08/2024
1006, 'Phạm Việt Hoàng như nào nhỉ',02/07/2024
1007, 'tự nhận 100 điểm thì khó',22/09/2024
1008, 'Trà My nô lệ đrl à',14/10/2024
1009, 'Mai Anh Hoàng đi học đầy đủ vào',15/10/2024
1010, 'Anh La kiếp nạn thứ 82',12/08/2024
1011, 'Phan Dung Nhi Đình Nguyên kì mới nan giải gấp bội :)))',06/11/2024
1012," 'Thanh Ngọc kỳ sau đúng ""tam"" tai của t luôn ạ :)))'",18/10/2024
1013, 'Đình Nguyên quyết tâm dựt hb mà khó ghê :)))',17/07/2024
1014, 'Dương Phạm bạn này ý thức rất kém',20/10/2024
1015, 'Kien m ay con chooo',17/10/2024
1016, 'Dương Phạm xem sếch là ý thức kém r',26/07/2024
1017, 'Pham Ngoc Bao ra trường sớm',06/07/2024
1018, 'Trịnh Ngọc Mai éc éc'],08/10/2024
1019,[],24/10/2024
1020,['cho mấy a ngoại quốc kéo xà lun',26/09/2024
1021, 'Nguyễn Thu Hương Trần Quỳnh Diệu Thùy lên chs vs t đi',11/10/2024
1022, 'Nguyễn Thị Thảo Vân đợi tụi tui phi trâu ra nha',08/08/2024
1023, 'Diệu Thùy rất hân hạnh đc đón tiếp',18/07/2024
1024, 'Quy Phuong sv hụt của trường có đc vào k',05/11/2024
1025, 'Mai Phương đi đê t dẫn,31/08/2024
1026, tự hào đã thuộc map trường',08/09/2024
1027, 'Trang An đi hongg',22/07/2024
1028, 'Quy Phuong hôm 20 đc nghỉ tuyệt r',05/08/2024
1029, 'Nhuong Thanh giao lưu tí ko :)))',21/08/2024
1030, 'Hạnh Nguyên có chứ',02/07/2024
1031, 'Thùy Dương đi kh em :))',26/10/2024
1032, 'Hoàng Ngọc Hà mai đi đê',26/08/2024
1033, 'Thùy Dương đi nhá',24/09/2024
1034, 'Hoàng Ngọc Hà mai 6ruoi t mới đi làm về,18/08/2024
1035, oke khôm',27/07/2024
1036, 'Hê hê Học viện dạo này hay có mấy xự kiện su hướng cuốc tế hỉ',09/10/2024
1037, 'Sao trường hông colab vs tung gủa huhu',21/10/2024
1038, 'Ai có nhu cầu thuê đồ cosplay ib em',30/08/2024
1039, 'Tạ Huy Hoàng t có hứng thú với cái này,01/08/2024
1040, và m sẽ phải đi với t=)))))',01/08/2024
1041, 'Duc Nguyen m k rủ t à?',05/09/2024
1042, 'Ngọc Ánh tôi rủ em trước các chị của e đó',13/07/2024
1043, 'Trịnh Điệp cái này mình đc thtin trc r mà c:))',02/10/2024
1044, 'Ngọc Ánh nói miệng sợ e chối',09/08/2024
1045, 'Nguyễn Trung có Nhật Bản kìa bạn toi',13/07/2024
1046, 'Nhật Minh Quá quý bửu rồi',05/10/2024
1047, 'Đào Xuân Mai đến tham gia cùng bọn e nhé kkk',14/09/2024
1048, 'Đi thôi đi thôiii',12/09/2024
1049, 'Thanh Tâm rủ với',30/08/2024
1050, 'Phạm Thị Thu chiều nay luôn đó gái :))',28/07/2024
1051, 'Huhu hôm ý ko lên trg đc\nko tgia đc',03/07/2024
1052, 'Hoàng Yếnn c cho tôi xin cái hẹn nào',16/07/2024
1053, 'Thu Anh thứ 6 đi học mà =)))))',10/08/2024
1054, 'Hoàng Yếnn à ừ nhể:)) còn ngày mai mấy giờ nhể',15/07/2024
1055, 'Thu Anh mai có vụ gì v',09/10/2024
1056, 'Hoàng Yếnn :))) cái của hàn quốc ấy,01/08/2024
1057, t nhớ nhầm à',28/10/2024
1058, 'Thu Anh ủa tưởng cái này =))))',07/08/2024
1059, 'Quang Nguyễn cosplay giao luu di ni',28/07/2024
1060, 'Nguyễn Lụa Phát Nguyễn Lê Thị Thùy Dung đi ko mn',16/08/2024
1061, 'Xuân Mai mình có tài năng gì honggg để đi thii :>>>',09/10/2024
1062, 'Lê Thị Thùy Dung mik có tài mukbang đc khum',05/10/2024
1063, 'Xuân Mai đi lẹ luonnnnn',12/10/2024
1064, 'Lê Thị Thùy Dung gái xinh hăng quá ha',04/09/2024
1065, 'Xuân Mai ăn ăn ăn ăn. Đi giao lưu văn hoá mà chỉ nghĩ đến cái ăn. Thua',03/11/2024
1066, 'Phát Nguyễn so sad',10/10/2024
1067, 'Chi Đỗ :)) làm tí văn hóa k',14/07/2024
1068, 'nghe hay đấy',25/10/2024
1069, 'Hoàng Hải Nhi lên đồ thoi',30/07/2024
1070, 'Thanh Huong Do sự kiện hay quáa đi thoiii',27/08/2024
1071, 'Nga Nga Mông cổ kìa',26/09/2024
1072, 'Giang An Lan ngol',19/07/2024
1073, 'Nga Nga Meo nhà m đâu giữ m lại tất cả là cụa t',24/08/2024
1074, 'Giang An Lan ô kìa phải chia sẻ vs chứ',03/10/2024
1075, 'Nguyễn Kiên',29/09/2024
1076," ""Phương Linh Dươngg Thùy Let's goooo""]",13/08/2024
1077,[],21/08/2024
1078,[],24/08/2024
1079,[],25/08/2024
1080,[],28/07/2024
1081,[],15/10/2024
1082,[],27/07/2024
1083,[],22/08/2024
1084,[],08/08/2024
1085,[],02/09/2024
1086,[],22/08/2024
1087,[],30/09/2024
1088,[],28/09/2024
1089,[],04/07/2024
1090,[],22/07/2024
1091,[],10/08/2024
1092,[],04/10/2024
1093,[],29/07/2024
1094,[],08/08/2024
1095,[],31/10/2024
1096,[],15/08/2024
1097,[],29/10/2024
1098,[],31/07/2024
1099,[],06/09/2024
1100,[],28/10/2024
1101,[],05/07/2024
1102,[],10/10/2024
1103,[],25/10/2024
1104,[],18/09/2024
1105,[],15/09/2024
1106,[],01/10/2024
1107,[],06/08/2024
1108,[],15/07/2024
1109,[],18/09/2024
1110,[],25/10/2024
1111,[],13/10/2024
1112,[],13/09/2024
1113,[],11/08/2024
1114,[],09/08/2024
1115,[],18/09/2024
1116,[],28/10/2024
1117,[],29/08/2024
1118,[],29/10/2024
1119,[],09/10/2024
1120,[],15/09/2024
1121,[],01/11/2024
1122,[],10/08/2024
1123,[],01/07/2024
1124,[],31/07/2024
