link,tokenized_post,filtered_tokens
https://www.facebook.com/share/p/iAxNWnmsWA6vM6F2/,h·ªçc_vi·ªán c√¥ng_ngh·ªá b∆∞u_ch√≠nh vi·ªÖn_th√¥ng c√¥ng_b·ªë ƒëi·ªÉm tr√∫ng_tuy·ªÉn nƒÉm 2024 h·ªôi_ƒë·ªìng tuy·ªÉn_sinh_h·ªçc_vi·ªán c√¥ng_ngh·ªá b∆∞u_ch√≠nh vi·ªÖn_th√¥ng th√¥ng_b√°o k·∫øt_qu·∫£ x√©t tuy·ªÉn h·ªá ƒë·∫°i_h·ªçc ch√≠nh_quy nƒÉm 2024 d·ª±a tr√™n k·∫øt_qu·∫£ thi thpt nƒÉm 2024 c∆°_s·ªü ƒë√†o_t·∫°o ph√≠a b·∫Øc m√£ tr∆∞·ªùng bvh th√≠_sinh tra_c·ª©u k·∫øt_qu·∫£ x√©t tuy·ªÉn tr√™n h·ªá_th·ªëng tuy·ªÉn_sinh chung c·ªßa b·ªô gdƒët theo ƒë·ªãa_ch·ªâ httpsthisinhthitotnghiepthpteduvn h·ªçc_vi·ªán t·ªï_ch·ª©c nh·∫≠p_h·ªçc cho c√°c t√¢n_sinh_vi√™n v√†o c√°c ng√†y 679 follow fanpage ƒë·ªÉ c·∫≠p_nh·∫≠t th√¥ng_tin chi ti·∫øtl∆∞u √Ω c√°c th√≠_sinh tr√∫ng_tuy·ªÉn ph·∫£i ho√†n_th√†nh vi·ªác x√°c_nh·∫≠n nh·∫≠p_h·ªçc tr√™n h·ªá_th·ªëng tuy·ªÉn_sinh chung c·ªßa b·ªô gdƒët tr∆∞·ªõc khi l√†m th·ªß_t·ª•c nh·∫≠p_h·ªçc ch√∫c_m·ª´ng d24 ptiters xem chi_ti·∫øt t·∫°i httpsportalptiteduvnhocviencongnghebuuchinhh·ªçc vi·ªán c√¥ng_ngh·ªá b∆∞u_ch√≠nh vi·ªÖn th√¥ngtr·ª• s·ªü ch√≠nh 122 ho√†ng qu·ªëc vi·ªát pnghƒ©a t√¢n qc·∫ßu gi·∫•y h√† n·ªôih·ªçc vi·ªán c∆°_s·ªü_t·∫°i tphcm 11 nguy·ªÖn ƒë√¨nh chi·ªÉu p ƒëakao qu·∫≠n 1 th√†nh_ph·ªë h·ªì ch√≠ minhc∆° s·ªü ƒë√†o_t·∫°o t·∫°i h√†_n·ªôi km10 ƒë∆∞·ªùng nguy·ªÖn tr√£i pm·ªô lao qh√† ƒë√¥ng h√† n·ªôic∆° s·ªü ƒë√†o_t·∫°o t·∫°i tphcm ƒë∆∞·ªùng man thi·ªán tp th·ªß ƒë·ª©c tph·ªì ch√≠ minh fanpage httpsfacebookcomhocvienptit tuy·ªÉn_sinh httpstuyensinhptiteduvn youtube httpswwwyoutubecompchannels website httpsportalptiteduvn,"['h', '·ªç', 'c', '_', 'v', 'i', '·ªá', 'n', ' ', 'c', '√¥', 'n', 'g', '_', 'n', 'g', 'h', '·ªá', ' ', 'b', 'u', '_', 'c', 'h', '√≠', 'n', 'h', ' ', 'v', 'i', '·ªÖ', 'n', '_', 't', 'h', '√¥', 'n', 'g', ' ', 'c', '√¥', 'n', 'g', '_', 'b', '·ªë', ' ', 'ƒë', 'i', '·ªÉ', 'm', ' ', 't', 'r', '√∫', 'n', 'g', '_', 't', 'u', 'y', '·ªÉ', 'n', ' ', 'n', 'ƒÉ', 'm', ' ', '2', '0', '2', '4', ' ', 'h', '·ªô', 'i', '_', 'ƒë', 'n', 'g', ' ', 't', 'u', 'y', '·ªÉ', 'n', '_', 's', 'i', 'n', 'h', '_', 'h', '·ªç', 'c', '_', 'v', 'i', '·ªá', 'n', ' ', 'c', '√¥', 'n', 'g', '_', 'n', 'g', 'h', '·ªá', ' ', 'b', 'u', '_', 'c', 'h', '√≠', 'n', 'h', ' ', 'v', 'i', '·ªÖ', 'n', '_', 't', 'h', '√¥', 'n', 'g', ' ', 't', 'h', '√¥', 'n', 'g', '_', 'b', 'o', ' ', 'k', '·∫ø', 't', '_', 'q', 'u', '·∫£', ' ', 'x', '√©', 't', ' ', 't', 'u', 'y', '·ªÉ', 'n', ' ', 'h', '·ªá', ' ', 'ƒë', 'i', '_', 'h', '·ªç', 'c', ' ', 'c', 'h', '√≠', 'n', 'h', '_', 'q', 'u', 'y', ' ', 'n', 'ƒÉ', 'm', ' ', '2', '0', '2', '4', ' ', 'd', '·ª±', 'a', ' ', 't', 'r', '√™', 'n', ' ', 'k', '·∫ø', 't', '_', 'q', 'u', '·∫£', ' ', 't', 'h', 'i', ' ', 't', 'h', 'p', 't', ' ', 'n', 'ƒÉ', 'm', ' ', '2', '0', '2', '4', ' ', 'c', '_', 's', ' ', 'ƒë', 'o', '_', 't', 'o', ' ', 'p', 'h', '√≠', 'a', ' ', 'b', '·∫Ø', 'c', ' ', 'm', '√£', ' ', 't', 'r', 'n', 'g', ' ', 'b', 'v', 'h', ' ', 't', 'h', '√≠', '_', 's', 'i', 'n', 'h', ' ', 't', 'r', 'a', '_', 'c', '·ª©', 'u', ' ', 'k', '·∫ø', 't', '_', 'q', 'u', '·∫£', ' ', 'x', '√©', 't', ' ', 't', 'u', 'y', '·ªÉ', 'n', ' ', 't', 'r', '√™', 'n', ' ', 'h', '·ªá', '_', 't', 'h', '·ªë', 'n', 'g', ' ', 't', 'u', 'y', '·ªÉ', 'n', '_', 's', 'i', 'n', 'h', ' ', 'c', 'h', 'u', 'n', 'g', ' ', 'c', '·ªß', 'a', ' ', 'b', '·ªô', ' ', 'g', 'd', 'ƒë', 't', ' ', 't', 'h', 'e', 'o', ' ', 'ƒë', '·ªã', 'a', '_', 'c', 'h', '·ªâ', ' ', 'h', 't', 't', 'p', 's', 't', 'h', 'i', 's', 'i', 'n', 'h', 't', 'h', 'i', 't', 'o', 't', 'n', 'g', 'h', 'i', 'e', 'p', 't', 'h', 'p', 't', 'e', 'd', 'u', 'v', 'n', ' ', 'h', '·ªç', 'c', '_', 'v', 'i', '·ªá', 'n', ' ', 't', '·ªï', '_', 'c', 'h', '·ª©', 'c', ' ', 'n', 'h', '·∫≠', 'p', '_', 'h', '·ªç', 'c', ' ', 'c', 'h', 'o', ' ', 'c', 'c', ' ', 't', '√¢', 'n', '_', 's', 'i', 'n', 'h', '_', 'v', 'i', '√™', 'n', ' ', 'v', 'o', ' ', 'c', 'c', ' ', 'n', 'g', 'y', ' ', '6', '7', '9', ' ', 'f', 'o', 'l', 'l', 'o', 'w', ' ', 'f', 'a', 'n', 'p', 'a', 'g', 'e', ' ', 'ƒë', '·ªÉ', ' ', 'c', '·∫≠', 'p', '_', 'n', 'h', '·∫≠', 't', ' ', 't', 'h', '√¥', 'n', 'g', '_', 't', 'i', 'n', ' ', 'c', 'h', 'i', ' ', 't', 'i', '·∫ø', 't', 'l', 'u', ' ', ' ', 'c', 'c', ' ', 't', 'h', '√≠', '_', 's', 'i', 'n', 'h', ' ', 't', 'r', '√∫', 'n', 'g', '_', 't', 'u', 'y', '·ªÉ', 'n', ' ', 'p', 'h', '·∫£', 'i', ' ', 'h', 'o', 'n', '_', 't', 'h', 'n', 'h', ' ', 'v', 'i', '·ªá', 'c', ' ', 'x', 'c', '_', 'n', 'h', '·∫≠', 'n', ' ', 'n', 'h', '·∫≠', 'p', '_', 'h', '·ªç', 'c', ' ', 't', 'r', '√™', 'n', ' ', 'h', '·ªá', '_', 't', 'h', '·ªë', 'n', 'g', ' ', 't', 'u', 'y', '·ªÉ', 'n', '_', 's', 'i', 'n', 'h', ' ', 'c', 'h', 'u', 'n', 'g', ' ', 'c', '·ªß', 'a', ' ', 'b', '·ªô', ' ', 'g', 'd', 'ƒë', 't', ' ', 't', 'r', 'c', ' ', 'k', 'h', 'i', ' ', 'l', 'm', ' ', 't', 'h', '·ªß', '_', 't', '·ª•', 'c', ' ', 'n', 'h', '·∫≠', 'p', '_', 'h', '·ªç', 'c', ' ', 'c', 'h', '√∫', 'c', '_', 'm', 'n', 'g', ' ', 'd', '2', '4', ' ', 'p', 't', 'i', 't', 'e', 'r', 's', ' ', 'x', 'e', 'm', ' ', 'c', 'h', 'i', '_', 't', 'i', '·∫ø', 't', ' ', 't', 'i', ' ', 'h', 't', 't', 'p', 's', 'p', 'o', 'r', 't', 'a', 'l', 'p', 't', 'i', 't', 'e', 'd', 'u', 'v', 'n', 'h', 'o', 'c', 'v', 'i', 'e', 'n', 'c', 'o', 'n', 'g', 'n', 'g', 'h', 'e', 'b', 'u', 'u', 'c', 'h', 'i', 'n', 'h', 'h', '·ªç', 'c', ' ', 'v', 'i', '·ªá', 'n', ' ', 'c', '√¥', 'n', 'g', '_', 'n', 'g', 'h', '·ªá', ' ', 'b', 'u', '_', 'c', 'h', '√≠', 'n', 'h', ' ', 'v', 'i', '·ªÖ', 'n', ' ', 't', 'h', '√¥', 'n', 'g', 't', 'r', '·ª•', ' ', 's', ' ', 'c', 'h', '√≠', 'n', 'h', ' ', '1', '2', '2', ' ', 'h', 'o', 'n', 'g', ' ', 'q', 'u', '·ªë', 'c', ' ', 'v', 'i', '·ªá', 't', ' ', 'p', 'n', 'g', 'h', 'ƒ©', 'a', ' ', 't', '√¢', 'n', ' ', 'q', 'c', '·∫ß', 'u', ' ', 'g', 'i', '·∫•', 'y', ' ', 'h', ' ', 'n', '·ªô', 'i', 'h', '·ªç', 'c', ' ', 'v', 'i', '·ªá', 'n', ' ', 'c', '_', 's', '_', 't', 'i', ' ', 't', 'p', 'h', 'c', 'm', ' ', '1', '1', ' ', 'n', 'g', 'u', 'y', '·ªÖ', 'n', ' ', 'ƒë', '√¨', 'n', 'h', ' ', 'c', 'h', 'i', '·ªÉ', 'u', ' ', 'p', ' ', 'ƒë', 'a', 'k', 'a', 'o', ' ', 'q', 'u', '·∫≠', 'n', ' ', '1', ' ', 't', 'h', 'n', 'h', '_', 'p', 'h', '·ªë', ' ', 'h', ' ', 'c', 'h', '√≠', ' ', 'm', 'i', 'n', 'h', 'c', ' ', 's', ' ', 'ƒë', 'o', '_', 't', 'o', ' ', 't', 'i', ' ', 'h', '_', 'n', '·ªô', 'i', ' ', 'k', 'm', '1', '0', ' ', 'ƒë', 'n', 'g', ' ', 'n', 'g', 'u', 'y', '·ªÖ', 'n', ' ', 't', 'r', '√£', 'i', ' ', 'p', 'm', '·ªô', ' ', 'l', 'a', 'o', ' ', 'q', 'h', ' ', 'ƒë', '√¥', 'n', 'g', ' ', 'h', ' ', 'n', '·ªô', 'i', 'c', ' ', 's', ' ', 'ƒë', 'o', '_', 't', 'o', ' ', 't', 'i', ' ', 't', 'p', 'h', 'c', 'm', ' ', 'ƒë', 'n', 'g', ' ', 'm', 'a', 'n', ' ', 't', 'h', 'i', '·ªá', 'n', ' ', 't', 'p', ' ', 't', 'h', '·ªß', ' ', 'ƒë', '·ª©', 'c', ' ', 't', 'p', 'h', ' ', 'c', 'h', '√≠', ' ', 'm', 'i', 'n', 'h', ' ', 'f', 'a', 'n', 'p', 'a', 'g', 'e', ' ', 'h', 't', 't', 'p', 's', 'f', 'a', 'c', 'e', 'b', 'o', 'o', 'k', 'c', 'o', 'm', 'h', 'o', 'c', 'v', 'i', 'e', 'n', 'p', 't', 'i', 't', ' ', 't', 'u', 'y', '·ªÉ', 'n', '_', 's', 'i', 'n', 'h', ' ', 'h', 't', 't', 'p', 's', 't', 'u', 'y', 'e', 'n', 's', 'i', 'n', 'h', 'p', 't', 'i', 't', 'e', 'd', 'u', 'v', 'n', ' ', 'y', 'o', 'u', 't', 'u', 'b', 'e', ' ', 'h', 't', 't', 'p', 's', 'w', 'w', 'w', 'y', 'o', 'u', 't', 'u', 'b', 'e', 'c', 'o', 'm', 'p', 'c', 'h', 'a', 'n', 'n', 'e', 'l', 's', ' ', 'w', 'e', 'b', 's', 'i', 't', 'e', ' ', 'h', 't', 't', 'p', 's', 'p', 'o', 'r', 't', 'a', 'l', 'p', 't', 'i', 't', 'e', 'd', 'u', 'v', 'n']"
https://www.facebook.com/share/p/nxB8iuuSmVkYbLFZ/,c√≥ m·ªôt ptit r·∫•t kh√°ctrong ng√†y 079 c∆°n b√£o s·ªë 3 t√™n qu·ªëc_t·∫ø l√† b√£o yagi ƒë√£ qu√©t qua nhi·ªÅu ƒë·ªãa_ph∆∞∆°ng t·∫°i mi·ªÅn b·∫Øc trong ƒë√≥ h·∫£i ph√≤ng qu·∫£ng_ninh ch·ªãu thi·ªát_h·∫°i n·∫∑ng_n·ªÅ nh·∫•t h√†_n·ªôi c≈©ng ch·ªãu nhi·ªÅu ·∫£nh_h∆∞·ªüng thi·ªát_h·∫°i t·ª´ c∆°n b√£o n√†y trong khi h√†_n·ªôi n√≥i_chung v√† h·ªçc_vi·ªán c√¥ng_ngh·ªá b∆∞u_ch√≠nh vi·ªÖn_th√¥ng c∆°_s·ªü h√†_n·ªôi n√≥i_ri√™ng ƒëang kh·∫Øc_ph·ª•c d·∫ßn c√°c thi·ªát_h·∫°i do b√£o ƒë·ªÅ_ngh·ªã sinh_vi√™n h·ªçc_vi·ªán t√≠ch_c·ª±c kh·∫Øc_ph·ª•c kh√≥_khƒÉn trong h·ªçc_t·∫≠p sau b√£o do nh·ªØng thi·ªát_h·∫°i v·ªÅ c∆°_s·ªü v·∫≠t_ch·∫•t c·ªßa h·ªçc_vi·ªán l∆∞u_√Ω h·∫°n_ch·∫ø l∆∞u_th√¥ng t·∫°i c√°c khu_v·ª±c ƒëang b·ªã thi·ªát_h·∫°i c√≥ c·∫£nh_b√°o nguy_hi·ªÉm kh√¥ng an_to√†n page h·ªçc_vi·ªán c√¥ng_ngh·ªá b∆∞u_ch√≠nh vi·ªÖn_th√¥ng c≈©ng xin ƒë∆∞·ª£c chuy·ªÉn l·ªùi thƒÉm_h·ªèi ban_ƒë·∫ßu t·ª´ t·∫≠p_th·ªÉ l√£nh_ƒë·∫°o h·ªçc_vi·ªán t·ªõi to√†n_th·ªÉ gia_ƒë√¨nh c√°c sinh_vi√™n ch·ªãu thi·ªát_h·∫°i do b√£o ƒë·∫∑c_bi·ªát l√† c√°c sinh_vi√™n t·∫°i h·∫£i ph√≤ng v√† qu·∫£ng_ninh c√°c sinh_vi√™n c√≥ kh√≥_khƒÉn c·∫ßn tr·ª£_gi√∫p ƒë·∫∑c_bi·ªát do gia_ƒë√¨nh b·ªã thi·ªát_h·∫°i do b√£o li√™n_h·ªá v·ªõi ph√≤ng ch√≠nh_tr·ªã v√† c√¥ng_t√°c sinh_vi√™n email ctsvptiteduvn ƒë·ªÉ h·ªçc_vi·ªán c√≥ th√¥ng_tin v√† ph·∫ßn_n√†o chia_s·∫ª kh√≥_khƒÉn v·ªõi gia_ƒë√¨nh tr√¢n tr·ªçngfromptitwithlove ptith·ªçc vi·ªán c√¥ng_ngh·ªá b∆∞u_ch√≠nh vi·ªÖn th√¥ngtr·ª• s·ªü ch√≠nh 122 ho√†ng qu·ªëc vi·ªát pnghƒ©a t√¢n qc·∫ßu gi·∫•y h√† n·ªôih·ªçc vi·ªán c∆°_s·ªü_t·∫°i tphcm 11 nguy·ªÖn ƒë√¨nh chi·ªÉu p ƒëakao qu·∫≠n 1 th√†nh_ph·ªë h·ªì ch√≠ minhc∆° s·ªü ƒë√†o_t·∫°o t·∫°i h√†_n·ªôi km10 ƒë∆∞·ªùng nguy·ªÖn tr√£i pm·ªô lao qh√† ƒë√¥ng h√† n·ªôic∆° s·ªü ƒë√†o_t·∫°o t·∫°i tphcm ƒë∆∞·ªùng man thi·ªán tp th·ªß ƒë·ª©c tph·ªì ch√≠ minh fanpage httpsfacebookcomhocvienptit tuy·ªÉn_sinh httpstuyensinhptiteduvn youtube httpswwwyoutubecompchannels website httpsportalptiteduvn,"['c', '√≥', ' ', 'm', '·ªô', 't', ' ', 'p', 't', 'i', 't', ' ', 'r', '·∫•', 't', ' ', 'k', 'h', 'c', 't', 'r', 'o', 'n', 'g', ' ', 'n', 'g', 'y', ' ', '0', '7', '9', ' ', 'c', 'n', ' ', 'b', '√£', 'o', ' ', 's', '·ªë', ' ', '3', ' ', 't', '√™', 'n', ' ', 'q', 'u', '·ªë', 'c', '_', 't', '·∫ø', ' ', 'l', ' ', 'b', '√£', 'o', ' ', 'y', 'a', 'g', 'i', ' ', 'ƒë', '√£', ' ', 'q', 'u', '√©', 't', ' ', 'q', 'u', 'a', ' ', 'n', 'h', 'i', '·ªÅ', 'u', ' ', 'ƒë', '·ªã', 'a', '_', 'p', 'h', 'n', 'g', ' ', 't', 'i', ' ', 'm', 'i', '·ªÅ', 'n', ' ', 'b', '·∫Ø', 'c', ' ', 't', 'r', 'o', 'n', 'g', ' ', 'ƒë', '√≥', ' ', 'h', '·∫£', 'i', ' ', 'p', 'h', '√≤', 'n', 'g', ' ', 'q', 'u', '·∫£', 'n', 'g', '_', 'n', 'i', 'n', 'h', ' ', 'c', 'h', '·ªã', 'u', ' ', 't', 'h', 'i', '·ªá', 't', '_', 'h', 'i', ' ', 'n', '·∫∑', 'n', 'g', '_', 'n', '·ªÅ', ' ', 'n', 'h', '·∫•', 't', ' ', 'h', '_', 'n', '·ªô', 'i', ' ', 'c', '≈©', 'n', 'g', ' ', 'c', 'h', '·ªã', 'u', ' ', 'n', 'h', 'i', '·ªÅ', 'u', ' ', '·∫£', 'n', 'h', '_', 'h', 'n', 'g', ' ', 't', 'h', 'i', '·ªá', 't', '_', 'h', 'i', ' ', 't', ' ', 'c', 'n', ' ', 'b', '√£', 'o', ' ', 'n', 'y', ' ', 't', 'r', 'o', 'n', 'g', ' ', 'k', 'h', 'i', ' ', 'h', '_', 'n', '·ªô', 'i', ' ', 'n', '√≥', 'i', '_', 'c', 'h', 'u', 'n', 'g', ' ', 'v', ' ', 'h', '·ªç', 'c', '_', 'v', 'i', '·ªá', 'n', ' ', 'c', '√¥', 'n', 'g', '_', 'n', 'g', 'h', '·ªá', ' ', 'b', 'u', '_', 'c', 'h', '√≠', 'n', 'h', ' ', 'v', 'i', '·ªÖ', 'n', '_', 't', 'h', '√¥', 'n', 'g', ' ', 'c', '_', 's', ' ', 'h', '_', 'n', '·ªô', 'i', ' ', 'n', '√≥', 'i', '_', 'r', 'i', '√™', 'n', 'g', ' ', 'ƒë', 'a', 'n', 'g', ' ', 'k', 'h', '·∫Ø', 'c', '_', 'p', 'h', '·ª•', 'c', ' ', 'd', '·∫ß', 'n', ' ', 'c', 'c', ' ', 't', 'h', 'i', '·ªá', 't', '_', 'h', 'i', ' ', 'd', 'o', ' ', 'b', '√£', 'o', ' ', 'ƒë', '·ªÅ', '_', 'n', 'g', 'h', '·ªã', ' ', 's', 'i', 'n', 'h', '_', 'v', 'i', '√™', 'n', ' ', 'h', '·ªç', 'c', '_', 'v', 'i', '·ªá', 'n', ' ', 't', '√≠', 'c', 'h', '_', 'c', '·ª±', 'c', ' ', 'k', 'h', '·∫Ø', 'c', '_', 'p', 'h', '·ª•', 'c', ' ', 'k', 'h', '√≥', '_', 'k', 'h', 'ƒÉ', 'n', ' ', 't', 'r', 'o', 'n', 'g', ' ', 'h', '·ªç', 'c', '_', 't', '·∫≠', 'p', ' ', 's', 'a', 'u', ' ', 'b', '√£', 'o', ' ', 'd', 'o', ' ', 'n', 'h', '·ªØ', 'n', 'g', ' ', 't', 'h', 'i', '·ªá', 't', '_', 'h', 'i', ' ', 'v', '·ªÅ', ' ', 'c', '_', 's', ' ', 'v', '·∫≠', 't', '_', 'c', 'h', '·∫•', 't', ' ', 'c', '·ªß', 'a', ' ', 'h', '·ªç', 'c', '_', 'v', 'i', '·ªá', 'n', ' ', 'l', 'u', '_', ' ', 'h', 'n', '_', 'c', 'h', '·∫ø', ' ', 'l', 'u', '_', 't', 'h', '√¥', 'n', 'g', ' ', 't', 'i', ' ', 'c', 'c', ' ', 'k', 'h', 'u', '_', 'v', '·ª±', 'c', ' ', 'ƒë', 'a', 'n', 'g', ' ', 'b', '·ªã', ' ', 't', 'h', 'i', '·ªá', 't', '_', 'h', 'i', ' ', 'c', '√≥', ' ', 'c', '·∫£', 'n', 'h', '_', 'b', 'o', ' ', 'n', 'g', 'u', 'y', '_', 'h', 'i', '·ªÉ', 'm', ' ', 'k', 'h', '√¥', 'n', 'g', ' ', 'a', 'n', '_', 't', 'o', 'n', ' ', 'p', 'a', 'g', 'e', ' ', 'h', '·ªç', 'c', '_', 'v', 'i', '·ªá', 'n', ' ', 'c', '√¥', 'n', 'g', '_', 'n', 'g', 'h', '·ªá', ' ', 'b', 'u', '_', 'c', 'h', '√≠', 'n', 'h', ' ', 'v', 'i', '·ªÖ', 'n', '_', 't', 'h', '√¥', 'n', 'g', ' ', 'c', '≈©', 'n', 'g', ' ', 'x', 'i', 'n', ' ', 'ƒë', '·ª£', 'c', ' ', 'c', 'h', 'u', 'y', '·ªÉ', 'n', ' ', 'l', 'i', ' ', 't', 'h', 'ƒÉ', 'm', '_', 'h', '·ªè', 'i', ' ', 'b', 'a', 'n', '_', 'ƒë', '·∫ß', 'u', ' ', 't', ' ', 't', '·∫≠', 'p', '_', 't', 'h', '·ªÉ', ' ', 'l', '√£', 'n', 'h', '_', 'ƒë', 'o', ' ', 'h', '·ªç', 'c', '_', 'v', 'i', '·ªá', 'n', ' ', 't', 'i', ' ', 't', 'o', 'n', '_', 't', 'h', '·ªÉ', ' ', 'g', 'i', 'a', '_', 'ƒë', '√¨', 'n', 'h', ' ', 'c', 'c', ' ', 's', 'i', 'n', 'h', '_', 'v', 'i', '√™', 'n', ' ', 'c', 'h', '·ªã', 'u', ' ', 't', 'h', 'i', '·ªá', 't', '_', 'h', 'i', ' ', 'd', 'o', ' ', 'b', '√£', 'o', ' ', 'ƒë', '·∫∑', 'c', '_', 'b', 'i', '·ªá', 't', ' ', 'l', ' ', 'c', 'c', ' ', 's', 'i', 'n', 'h', '_', 'v', 'i', '√™', 'n', ' ', 't', 'i', ' ', 'h', '·∫£', 'i', ' ', 'p', 'h', '√≤', 'n', 'g', ' ', 'v', ' ', 'q', 'u', '·∫£', 'n', 'g', '_', 'n', 'i', 'n', 'h', ' ', 'c', 'c', ' ', 's', 'i', 'n', 'h', '_', 'v', 'i', '√™', 'n', ' ', 'c', '√≥', ' ', 'k', 'h', '√≥', '_', 'k', 'h', 'ƒÉ', 'n', ' ', 'c', '·∫ß', 'n', ' ', 't', 'r', '·ª£', '_', 'g', 'i', '√∫', 'p', ' ', 'ƒë', '·∫∑', 'c', '_', 'b', 'i', '·ªá', 't', ' ', 'd', 'o', ' ', 'g', 'i', 'a', '_', 'ƒë', '√¨', 'n', 'h', ' ', 'b', '·ªã', ' ', 't', 'h', 'i', '·ªá', 't', '_', 'h', 'i', ' ', 'd', 'o', ' ', 'b', '√£', 'o', ' ', 'l', 'i', '√™', 'n', '_', 'h', '·ªá', ' ', 'v', 'i', ' ', 'p', 'h', '√≤', 'n', 'g', ' ', 'c', 'h', '√≠', 'n', 'h', '_', 't', 'r', '·ªã', ' ', 'v', ' ', 'c', '√¥', 'n', 'g', '_', 't', 'c', ' ', 's', 'i', 'n', 'h', '_', 'v', 'i', '√™', 'n', ' ', 'e', 'm', 'a', 'i', 'l', ' ', 'c', 't', 's', 'v', 'p', 't', 'i', 't', 'e', 'd', 'u', 'v', 'n', ' ', 'ƒë', '·ªÉ', ' ', 'h', '·ªç', 'c', '_', 'v', 'i', '·ªá', 'n', ' ', 'c', '√≥', ' ', 't', 'h', '√¥', 'n', 'g', '_', 't', 'i', 'n', ' ', 'v', ' ', 'p', 'h', '·∫ß', 'n', '_', 'n', 'o', ' ', 'c', 'h', 'i', 'a', '_', 's', '·∫ª', ' ', 'k', 'h', '√≥', '_', 'k', 'h', 'ƒÉ', 'n', ' ', 'v', 'i', ' ', 'g', 'i', 'a', '_', 'ƒë', '√¨', 'n', 'h', ' ', 't', 'r', '√¢', 'n', ' ', 't', 'r', '·ªç', 'n', 'g', 'f', 'r', 'o', 'm', 'p', 't', 'i', 't', 'w', 'i', 't', 'h', 'l', 'o', 'v', 'e', ' ', 'p', 't', 'i', 't', 'h', '·ªç', 'c', ' ', 'v', 'i', '·ªá', 'n', ' ', 'c', '√¥', 'n', 'g', '_', 'n', 'g', 'h', '·ªá', ' ', 'b', 'u', '_', 'c', 'h', '√≠', 'n', 'h', ' ', 'v', 'i', '·ªÖ', 'n', ' ', 't', 'h', '√¥', 'n', 'g', 't', 'r', '·ª•', ' ', 's', ' ', 'c', 'h', '√≠', 'n', 'h', ' ', '1', '2', '2', ' ', 'h', 'o', 'n', 'g', ' ', 'q', 'u', '·ªë', 'c', ' ', 'v', 'i', '·ªá', 't', ' ', 'p', 'n', 'g', 'h', 'ƒ©', 'a', ' ', 't', '√¢', 'n', ' ', 'q', 'c', '·∫ß', 'u', ' ', 'g', 'i', '·∫•', 'y', ' ', 'h', ' ', 'n', '·ªô', 'i', 'h', '·ªç', 'c', ' ', 'v', 'i', '·ªá', 'n', ' ', 'c', '_', 's', '_', 't', 'i', ' ', 't', 'p', 'h', 'c', 'm', ' ', '1', '1', ' ', 'n', 'g', 'u', 'y', '·ªÖ', 'n', ' ', 'ƒë', '√¨', 'n', 'h', ' ', 'c', 'h', 'i', '·ªÉ', 'u', ' ', 'p', ' ', 'ƒë', 'a', 'k', 'a', 'o', ' ', 'q', 'u', '·∫≠', 'n', ' ', '1', ' ', 't', 'h', 'n', 'h', '_', 'p', 'h', '·ªë', ' ', 'h', ' ', 'c', 'h', '√≠', ' ', 'm', 'i', 'n', 'h', 'c', ' ', 's', ' ', 'ƒë', 'o', '_', 't', 'o', ' ', 't', 'i', ' ', 'h', '_', 'n', '·ªô', 'i', ' ', 'k', 'm', '1', '0', ' ', 'ƒë', 'n', 'g', ' ', 'n', 'g', 'u', 'y', '·ªÖ', 'n', ' ', 't', 'r', '√£', 'i', ' ', 'p', 'm', '·ªô', ' ', 'l', 'a', 'o', ' ', 'q', 'h', ' ', 'ƒë', '√¥', 'n', 'g', ' ', 'h', ' ', 'n', '·ªô', 'i', 'c', ' ', 's', ' ', 'ƒë', 'o', '_', 't', 'o', ' ', 't', 'i', ' ', 't', 'p', 'h', 'c', 'm', ' ', 'ƒë', 'n', 'g', ' ', 'm', 'a', 'n', ' ', 't', 'h', 'i', '·ªá', 'n', ' ', 't', 'p', ' ', 't', 'h', '·ªß', ' ', 'ƒë', '·ª©', 'c', ' ', 't', 'p', 'h', ' ', 'c', 'h', '√≠', ' ', 'm', 'i', 'n', 'h', ' ', 'f', 'a', 'n', 'p', 'a', 'g', 'e', ' ', 'h', 't', 't', 'p', 's', 'f', 'a', 'c', 'e', 'b', 'o', 'o', 'k', 'c', 'o', 'm', 'h', 'o', 'c', 'v', 'i', 'e', 'n', 'p', 't', 'i', 't', ' ', 't', 'u', 'y', '·ªÉ', 'n', '_', 's', 'i', 'n', 'h', ' ', 'h', 't', 't', 'p', 's', 't', 'u', 'y', 'e', 'n', 's', 'i', 'n', 'h', 'p', 't', 'i', 't', 'e', 'd', 'u', 'v', 'n', ' ', 'y', 'o', 'u', 't', 'u', 'b', 'e', ' ', 'h', 't', 't', 'p', 's', 'w', 'w', 'w', 'y', 'o', 'u', 't', 'u', 'b', 'e', 'c', 'o', 'm', 'p', 'c', 'h', 'a', 'n', 'n', 'e', 'l', 's', ' ', 'w', 'e', 'b', 's', 'i', 't', 'e', ' ', 'h', 't', 't', 'p', 's', 'p', 'o', 'r', 't', 'a', 'l', 'p', 't', 'i', 't', 'e', 'd', 'u', 'v', 'n']"
https://www.facebook.com/share/p/yFcRj6AHU95ZbSkh/,c√≤n nguy√™n ·∫£nh t·ª´ cmt gr,"['c', '√≤', 'n', ' ', 'n', 'g', 'u', 'y', '√™', 'n', ' ', '·∫£', 'n', 'h', ' ', 't', ' ', 'c', 'm', 't', ' ', 'g', 'r']"
https://www.facebook.com/share/p/c8V8f2orZDw7kXNF/,c√≤n nguy√™n ·∫£nh t·ª´ cmt gr,"['c', '√≤', 'n', ' ', 'n', 'g', 'u', 'y', '√™', 'n', ' ', '·∫£', 'n', 'h', ' ', 't', ' ', 'c', 'm', 't', ' ', 'g', 'r']"
https://www.facebook.com/share/p/fmAPJcuWPrYseJyz/,content not found,"['c', 'o', 'n', 't', 'e', 'n', 't', ' ', 'n', 'o', 't', ' ', 'f', 'o', 'u', 'n', 'd']"
https://www.facebook.com/share/p/c6xbsBifdKiyMGCc/,content not found,"['c', 'o', 'n', 't', 'e', 'n', 't', ' ', 'n', 'o', 't', ' ', 'f', 'o', 'u', 'n', 'd']"
https://www.facebook.com/share/p/GZW4oiuALgWD1xXa/,s·ªï_tay ƒëi·ªán_t·ª≠ ptit h·ªçc h·∫øt_m√¨nh ch∆°i h·∫øt n·∫•c sau nh·ªØng l·∫ßn review game tr√°_h√¨nh ptiters ƒëang r·∫•t mong_ƒë·ª£i r√πi ph·∫£i kh√¥ng ƒë·ªÉ ti·ªán cho c√°c b·∫°n sinh_vi√™n tho·∫£ s·ª©c kh√°m_ph√° ƒë·∫∑c_bi·ªát l√† c√°c b·∫°n d24 m·ªçi th√¥ng_tin v·ªÅ h·ªçc_vi·ªán s·∫Ω ƒë∆∞·ª£c cung_c·∫•p ƒë·∫ßy_ƒë·ªß trong s·ªï_tay ƒëi·ªán_t·ª≠ ptit h∆∞·ªõng_d·∫´n tham_gia game b1 t·∫£i file tr√™n link drive ƒë√≠nh k√®m gi·∫£i n√©n t·∫≠p_tin ƒë√£ t·∫£ib2 m·ªü th∆∞_m·ª•c ƒë√£ gi·∫£i n√©n v√† ch·∫°y file ptitexe c√≥ h√¨nh to√† a2 h·ªçc vi·ªánb3 khi v√†o giao_di·ªán game sinh_vi√™n ƒëƒÉng_k√Ω theo msv c·ªßa m√¨nh ƒë·ªÉ ƒëua rank nh·∫≠n qu√† ngo√†i_ra c√≥_th·ªÉ ƒëƒÉng_k√Ω account b·∫•t_k·ª≥ ƒë·ªÉ tr·∫£i nghi·ªámb4 ƒëƒÉng_nh·∫≠p v√† tr·∫£i nghi·ªám theo h∆∞·ªõng_d·∫´n sau khi ho√†n_thi·ªán sinh_vi√™n b·∫•m l∆∞u_th√¥ng_tin ƒë·ªÉ ghi_danh tr√™n b·∫£ng rank c√°c b·∫°n l∆∞u_√Ω l·ªçt top 3 game n√†y s·∫Ω ƒë∆∞·ª£c nh·∫≠n 1 ph·∫ßn qu√† si√™u kh·ªßng c·ªßa h·ªçc_vi·ªán ƒë√≥ nha game th√¨ kh√¥ng c√≥ jumpscare nh∆∞ng m·∫•y c√°i m√£ qr c√≥_th·ªÉ xu·∫•t_hi·ªán b·∫•t_c·ª© l√∫c_n√†o n√™n c√°c b·∫°n c·ª© chu·∫©n_b·ªã tinh_th·∫ßn nha h√¨nh_th·ª©c nh·∫≠n qu√† m·ªói tu·∫ßn s·∫Ω reset b·∫£ng rank top 3 sinh_vi√™n ƒë·∫ßu_b·∫£ng qua giai_ƒëo·∫°n ki·ªÉm_tra th√¥ng_tin s·∫Ω ƒë∆∞·ª£c nh·∫≠n qu√† li√™n_h·ªá nh·∫≠n qu√† nguy·ªÖn duy kh√°nh 0388764641 ph√≤ng ctctsv ƒëang m∆∞a_gi√≥ b√£o l≈© ch·ªâ c·∫ßn ·ªü nh√† m√† c≈©ng c√≥_th·ªÉ ch∆°i game v·ª´a h·ªçc th√™m ƒë∆∞·ª£c nhi·ªÅu ki·∫øn_th·ª©c v·ª´a ƒë∆∞·ª£c nh·∫≠n qu√† c·ªßa ptit c√≤n ch·∫ßn_ch·ªù chi c√°c b·∫°n sinh_vi√™n ∆°ii leo rank v√† nh·∫≠n qu√† th√¥i phi√™n_b·∫£n ch·∫°y th·ª≠ ƒëang trong th·ªùi_gian th·ª≠_nghi·ªám ƒë·ªÉ c√πng chung tay g√≥p s·ª©c xin g·ª≠i t·ªõi c√°c b·∫°n sinh_vi√™n c·ªïng ƒë√°nh_gi√° g√≥p_√Ω v·ªÅ game ƒë·ªÉ ho√†n_thi·ªán v√† ph√°t_tri·ªÉn h∆°nhttpsformsgle5gfuy7ilgq8gm7as5link drive t·∫£i gamehttpsdrivegooglecom1acyjsrpysgmviqhdznpseug8avsh·ªçc vi·ªán c√¥ng_ngh·ªá b∆∞u_ch√≠nh vi·ªÖn th√¥ngtr·ª• s·ªü ch√≠nh 122 ho√†ng qu·ªëc vi·ªát pnghƒ©a t√¢n qc·∫ßu gi·∫•y h√† n·ªôih·ªçc vi·ªán c∆°_s·ªü_t·∫°i tphcm 11 nguy·ªÖn ƒë√¨nh chi·ªÉu p ƒëakao qu·∫≠n 1 th√†nh_ph·ªë h·ªì ch√≠ minhc∆° s·ªü ƒë√†o_t·∫°o t·∫°i h√†_n·ªôi km10 ƒë∆∞·ªùng nguy·ªÖn tr√£i pm·ªô lao qh√† ƒë√¥ng h√† n·ªôic∆° s·ªü ƒë√†o_t·∫°o t·∫°i tphcm ƒë∆∞·ªùng man thi·ªán tp th·ªß ƒë·ª©c tph·ªì ch√≠ minh fanpage httpsfacebookcomhocvienptit tuy·ªÉn_sinh httpstuyensinhptiteduvn youtube httpswwwyoutubecompchannels website httpsportalptiteduvn,"['s', '·ªï', '_', 't', 'a', 'y', ' ', 'ƒë', 'i', '·ªá', 'n', '_', 't', ' ', 'p', 't', 'i', 't', ' ', 'h', '·ªç', 'c', ' ', 'h', '·∫ø', 't', '_', 'm', '√¨', 'n', 'h', ' ', 'c', 'h', 'i', ' ', 'h', '·∫ø', 't', ' ', 'n', '·∫•', 'c', ' ', 's', 'a', 'u', ' ', 'n', 'h', '·ªØ', 'n', 'g', ' ', 'l', '·∫ß', 'n', ' ', 'r', 'e', 'v', 'i', 'e', 'w', ' ', 'g', 'a', 'm', 'e', ' ', 't', 'r', '_', 'h', '√¨', 'n', 'h', ' ', 'p', 't', 'i', 't', 'e', 'r', 's', ' ', 'ƒë', 'a', 'n', 'g', ' ', 'r', '·∫•', 't', ' ', 'm', 'o', 'n', 'g', '_', 'ƒë', '·ª£', 'i', ' ', 'r', '√π', 'i', ' ', 'p', 'h', '·∫£', 'i', ' ', 'k', 'h', '√¥', 'n', 'g', ' ', 'ƒë', '·ªÉ', ' ', 't', 'i', '·ªá', 'n', ' ', 'c', 'h', 'o', ' ', 'c', 'c', ' ', 'b', 'n', ' ', 's', 'i', 'n', 'h', '_', 'v', 'i', '√™', 'n', ' ', 't', 'h', 'o', '·∫£', ' ', 's', '·ª©', 'c', ' ', 'k', 'h', 'm', '_', 'p', 'h', ' ', 'ƒë', '·∫∑', 'c', '_', 'b', 'i', '·ªá', 't', ' ', 'l', ' ', 'c', 'c', ' ', 'b', 'n', ' ', 'd', '2', '4', ' ', 'm', '·ªç', 'i', ' ', 't', 'h', '√¥', 'n', 'g', '_', 't', 'i', 'n', ' ', 'v', '·ªÅ', ' ', 'h', '·ªç', 'c', '_', 'v', 'i', '·ªá', 'n', ' ', 's', '·∫Ω', ' ', 'ƒë', '·ª£', 'c', ' ', 'c', 'u', 'n', 'g', '_', 'c', '·∫•', 'p', ' ', 'ƒë', '·∫ß', 'y', '_', 'ƒë', '·ªß', ' ', 't', 'r', 'o', 'n', 'g', ' ', 's', '·ªï', '_', 't', 'a', 'y', ' ', 'ƒë', 'i', '·ªá', 'n', '_', 't', ' ', 'p', 't', 'i', 't', ' ', 'h', 'n', 'g', '_', 'd', '·∫´', 'n', ' ', 't', 'h', 'a', 'm', '_', 'g', 'i', 'a', ' ', 'g', 'a', 'm', 'e', ' ', 'b', '1', ' ', 't', '·∫£', 'i', ' ', 'f', 'i', 'l', 'e', ' ', 't', 'r', '√™', 'n', ' ', 'l', 'i', 'n', 'k', ' ', 'd', 'r', 'i', 'v', 'e', ' ', 'ƒë', '√≠', 'n', 'h', ' ', 'k', '√®', 'm', ' ', 'g', 'i', '·∫£', 'i', ' ', 'n', '√©', 'n', ' ', 't', '·∫≠', 'p', '_', 't', 'i', 'n', ' ', 'ƒë', '√£', ' ', 't', '·∫£', 'i', 'b', '2', ' ', 'm', ' ', 't', 'h', '_', 'm', '·ª•', 'c', ' ', 'ƒë', '√£', ' ', 'g', 'i', '·∫£', 'i', ' ', 'n', '√©', 'n', ' ', 'v', ' ', 'c', 'h', 'y', ' ', 'f', 'i', 'l', 'e', ' ', 'p', 't', 'i', 't', 'e', 'x', 'e', ' ', 'c', '√≥', ' ', 'h', '√¨', 'n', 'h', ' ', 't', 'o', ' ', 'a', '2', ' ', 'h', '·ªç', 'c', ' ', 'v', 'i', '·ªá', 'n', 'b', '3', ' ', 'k', 'h', 'i', ' ', 'v', 'o', ' ', 'g', 'i', 'a', 'o', '_', 'd', 'i', '·ªá', 'n', ' ', 'g', 'a', 'm', 'e', ' ', 's', 'i', 'n', 'h', '_', 'v', 'i', '√™', 'n', ' ', 'ƒë', 'ƒÉ', 'n', 'g', '_', 'k', ' ', 't', 'h', 'e', 'o', ' ', 'm', 's', 'v', ' ', 'c', '·ªß', 'a', ' ', 'm', '√¨', 'n', 'h', ' ', 'ƒë', '·ªÉ', ' ', 'ƒë', 'u', 'a', ' ', 'r', 'a', 'n', 'k', ' ', 'n', 'h', '·∫≠', 'n', ' ', 'q', 'u', ' ', 'n', 'g', 'o', 'i', '_', 'r', 'a', ' ', 'c', '√≥', '_', 't', 'h', '·ªÉ', ' ', 'ƒë', 'ƒÉ', 'n', 'g', '_', 'k', ' ', 'a', 'c', 'c', 'o', 'u', 'n', 't', ' ', 'b', '·∫•', 't', '_', 'k', '·ª≥', ' ', 'ƒë', '·ªÉ', ' ', 't', 'r', '·∫£', 'i', ' ', 'n', 'g', 'h', 'i', '·ªá', 'm', 'b', '4', ' ', 'ƒë', 'ƒÉ', 'n', 'g', '_', 'n', 'h', '·∫≠', 'p', ' ', 'v', ' ', 't', 'r', '·∫£', 'i', ' ', 'n', 'g', 'h', 'i', '·ªá', 'm', ' ', 't', 'h', 'e', 'o', ' ', 'h', 'n', 'g', '_', 'd', '·∫´', 'n', ' ', 's', 'a', 'u', ' ', 'k', 'h', 'i', ' ', 'h', 'o', 'n', '_', 't', 'h', 'i', '·ªá', 'n', ' ', 's', 'i', 'n', 'h', '_', 'v', 'i', '√™', 'n', ' ', 'b', '·∫•', 'm', ' ', 'l', 'u', '_', 't', 'h', '√¥', 'n', 'g', '_', 't', 'i', 'n', ' ', 'ƒë', '·ªÉ', ' ', 'g', 'h', 'i', '_', 'd', 'a', 'n', 'h', ' ', 't', 'r', '√™', 'n', ' ', 'b', '·∫£', 'n', 'g', ' ', 'r', 'a', 'n', 'k', ' ', 'c', 'c', ' ', 'b', 'n', ' ', 'l', 'u', '_', ' ', 'l', '·ªç', 't', ' ', 't', 'o', 'p', ' ', '3', ' ', 'g', 'a', 'm', 'e', ' ', 'n', 'y', ' ', 's', '·∫Ω', ' ', 'ƒë', '·ª£', 'c', ' ', 'n', 'h', '·∫≠', 'n', ' ', '1', ' ', 'p', 'h', '·∫ß', 'n', ' ', 'q', 'u', ' ', 's', 'i', '√™', 'u', ' ', 'k', 'h', '·ªß', 'n', 'g', ' ', 'c', '·ªß', 'a', ' ', 'h', '·ªç', 'c', '_', 'v', 'i', '·ªá', 'n', ' ', 'ƒë', '√≥', ' ', 'n', 'h', 'a', ' ', 'g', 'a', 'm', 'e', ' ', 't', 'h', '√¨', ' ', 'k', 'h', '√¥', 'n', 'g', ' ', 'c', '√≥', ' ', 'j', 'u', 'm', 'p', 's', 'c', 'a', 'r', 'e', ' ', 'n', 'h', 'n', 'g', ' ', 'm', '·∫•', 'y', ' ', 'c', 'i', ' ', 'm', '√£', ' ', 'q', 'r', ' ', 'c', '√≥', '_', 't', 'h', '·ªÉ', ' ', 'x', 'u', '·∫•', 't', '_', 'h', 'i', '·ªá', 'n', ' ', 'b', '·∫•', 't', '_', 'c', '·ª©', ' ', 'l', '√∫', 'c', '_', 'n', 'o', ' ', 'n', '√™', 'n', ' ', 'c', 'c', ' ', 'b', 'n', ' ', 'c', '·ª©', ' ', 'c', 'h', 'u', '·∫©', 'n', '_', 'b', '·ªã', ' ', 't', 'i', 'n', 'h', '_', 't', 'h', '·∫ß', 'n', ' ', 'n', 'h', 'a', ' ', 'h', '√¨', 'n', 'h', '_', 't', 'h', '·ª©', 'c', ' ', 'n', 'h', '·∫≠', 'n', ' ', 'q', 'u', ' ', 'm', '·ªó', 'i', ' ', 't', 'u', '·∫ß', 'n', ' ', 's', '·∫Ω', ' ', 'r', 'e', 's', 'e', 't', ' ', 'b', '·∫£', 'n', 'g', ' ', 'r', 'a', 'n', 'k', ' ', 't', 'o', 'p', ' ', '3', ' ', 's', 'i', 'n', 'h', '_', 'v', 'i', '√™', 'n', ' ', 'ƒë', '·∫ß', 'u', '_', 'b', '·∫£', 'n', 'g', ' ', 'q', 'u', 'a', ' ', 'g', 'i', 'a', 'i', '_', 'ƒë', 'o', 'n', ' ', 'k', 'i', '·ªÉ', 'm', '_', 't', 'r', 'a', ' ', 't', 'h', '√¥', 'n', 'g', '_', 't', 'i', 'n', ' ', 's', '·∫Ω', ' ', 'ƒë', '·ª£', 'c', ' ', 'n', 'h', '·∫≠', 'n', ' ', 'q', 'u', ' ', 'l', 'i', '√™', 'n', '_', 'h', '·ªá', ' ', 'n', 'h', '·∫≠', 'n', ' ', 'q', 'u', ' ', 'n', 'g', 'u', 'y', '·ªÖ', 'n', ' ', 'd', 'u', 'y', ' ', 'k', 'h', 'n', 'h', ' ', '0', '3', '8', '8', '7', '6', '4', '6', '4', '1', ' ', 'p', 'h', '√≤', 'n', 'g', ' ', 'c', 't', 'c', 't', 's', 'v', ' ', 'ƒë', 'a', 'n', 'g', ' ', 'm', 'a', '_', 'g', 'i', '√≥', ' ', 'b', '√£', 'o', ' ', 'l', '≈©', ' ', 'c', 'h', '·ªâ', ' ', 'c', '·∫ß', 'n', ' ', ' ', 'n', 'h', ' ', 'm', ' ', 'c', '≈©', 'n', 'g', ' ', 'c', '√≥', '_', 't', 'h', '·ªÉ', ' ', 'c', 'h', 'i', ' ', 'g', 'a', 'm', 'e', ' ', 'v', 'a', ' ', 'h', '·ªç', 'c', ' ', 't', 'h', '√™', 'm', ' ', 'ƒë', '·ª£', 'c', ' ', 'n', 'h', 'i', '·ªÅ', 'u', ' ', 'k', 'i', '·∫ø', 'n', '_', 't', 'h', '·ª©', 'c', ' ', 'v', 'a', ' ', 'ƒë', '·ª£', 'c', ' ', 'n', 'h', '·∫≠', 'n', ' ', 'q', 'u', ' ', 'c', '·ªß', 'a', ' ', 'p', 't', 'i', 't', ' ', 'c', '√≤', 'n', ' ', 'c', 'h', '·∫ß', 'n', '_', 'c', 'h', ' ', 'c', 'h', 'i', ' ', 'c', 'c', ' ', 'b', 'n', ' ', 's', 'i', 'n', 'h', '_', 'v', 'i', '√™', 'n', ' ', 'i', 'i', ' ', 'l', 'e', 'o', ' ', 'r', 'a', 'n', 'k', ' ', 'v', ' ', 'n', 'h', '·∫≠', 'n', ' ', 'q', 'u', ' ', 't', 'h', '√¥', 'i', ' ', 'p', 'h', 'i', '√™', 'n', '_', 'b', '·∫£', 'n', ' ', 'c', 'h', 'y', ' ', 't', 'h', ' ', 'ƒë', 'a', 'n', 'g', ' ', 't', 'r', 'o', 'n', 'g', ' ', 't', 'h', 'i', '_', 'g', 'i', 'a', 'n', ' ', 't', 'h', '_', 'n', 'g', 'h', 'i', '·ªá', 'm', ' ', 'ƒë', '·ªÉ', ' ', 'c', '√π', 'n', 'g', ' ', 'c', 'h', 'u', 'n', 'g', ' ', 't', 'a', 'y', ' ', 'g', '√≥', 'p', ' ', 's', '·ª©', 'c', ' ', 'x', 'i', 'n', ' ', 'g', 'i', ' ', 't', 'i', ' ', 'c', 'c', ' ', 'b', 'n', ' ', 's', 'i', 'n', 'h', '_', 'v', 'i', '√™', 'n', ' ', 'c', '·ªï', 'n', 'g', ' ', 'ƒë', 'n', 'h', '_', 'g', 'i', ' ', 'g', '√≥', 'p', '_', ' ', 'v', '·ªÅ', ' ', 'g', 'a', 'm', 'e', ' ', 'ƒë', '·ªÉ', ' ', 'h', 'o', 'n', '_', 't', 'h', 'i', '·ªá', 'n', ' ', 'v', ' ', 'p', 'h', 't', '_', 't', 'r', 'i', '·ªÉ', 'n', ' ', 'h', 'n', 'h', 't', 't', 'p', 's', 'f', 'o', 'r', 'm', 's', 'g', 'l', 'e', '5', 'g', 'f', 'u', 'y', '7', 'i', 'l', 'g', 'q', '8', 'g', 'm', '7', 'a', 's', '5', 'l', 'i', 'n', 'k', ' ', 'd', 'r', 'i', 'v', 'e', ' ', 't', '·∫£', 'i', ' ', 'g', 'a', 'm', 'e', 'h', 't', 't', 'p', 's', 'd', 'r', 'i', 'v', 'e', 'g', 'o', 'o', 'g', 'l', 'e', 'c', 'o', 'm', '1', 'a', 'c', 'y', 'j', 's', 'r', 'p', 'y', 's', 'g', 'm', 'v', 'i', 'q', 'h', 'd', 'z', 'n', 'p', 's', 'e', 'u', 'g', '8', 'a', 'v', 's', 'h', '·ªç', 'c', ' ', 'v', 'i', '·ªá', 'n', ' ', 'c', '√¥', 'n', 'g', '_', 'n', 'g', 'h', '·ªá', ' ', 'b', 'u', '_', 'c', 'h', '√≠', 'n', 'h', ' ', 'v', 'i', '·ªÖ', 'n', ' ', 't', 'h', '√¥', 'n', 'g', 't', 'r', '·ª•', ' ', 's', ' ', 'c', 'h', '√≠', 'n', 'h', ' ', '1', '2', '2', ' ', 'h', 'o', 'n', 'g', ' ', 'q', 'u', '·ªë', 'c', ' ', 'v', 'i', '·ªá', 't', ' ', 'p', 'n', 'g', 'h', 'ƒ©', 'a', ' ', 't', '√¢', 'n', ' ', 'q', 'c', '·∫ß', 'u', ' ', 'g', 'i', '·∫•', 'y', ' ', 'h', ' ', 'n', '·ªô', 'i', 'h', '·ªç', 'c', ' ', 'v', 'i', '·ªá', 'n', ' ', 'c', '_', 's', '_', 't', 'i', ' ', 't', 'p', 'h', 'c', 'm', ' ', '1', '1', ' ', 'n', 'g', 'u', 'y', '·ªÖ', 'n', ' ', 'ƒë', '√¨', 'n', 'h', ' ', 'c', 'h', 'i', '·ªÉ', 'u', ' ', 'p', ' ', 'ƒë', 'a', 'k', 'a', 'o', ' ', 'q', 'u', '·∫≠', 'n', ' ', '1', ' ', 't', 'h', 'n', 'h', '_', 'p', 'h', '·ªë', ' ', 'h', ' ', 'c', 'h', '√≠', ' ', 'm', 'i', 'n', 'h', 'c', ' ', 's', ' ', 'ƒë', 'o', '_', 't', 'o', ' ', 't', 'i', ' ', 'h', '_', 'n', '·ªô', 'i', ' ', 'k', 'm', '1', '0', ' ', 'ƒë', 'n', 'g', ' ', 'n', 'g', 'u', 'y', '·ªÖ', 'n', ' ', 't', 'r', '√£', 'i', ' ', 'p', 'm', '·ªô', ' ', 'l', 'a', 'o', ' ', 'q', 'h', ' ', 'ƒë', '√¥', 'n', 'g', ' ', 'h', ' ', 'n', '·ªô', 'i', 'c', ' ', 's', ' ', 'ƒë', 'o', '_', 't', 'o', ' ', 't', 'i', ' ', 't', 'p', 'h', 'c', 'm', ' ', 'ƒë', 'n', 'g', ' ', 'm', 'a', 'n', ' ', 't', 'h', 'i', '·ªá', 'n', ' ', 't', 'p', ' ', 't', 'h', '·ªß', ' ', 'ƒë', '·ª©', 'c', ' ', 't', 'p', 'h', ' ', 'c', 'h', '√≠', ' ', 'm', 'i', 'n', 'h', ' ', 'f', 'a', 'n', 'p', 'a', 'g', 'e', ' ', 'h', 't', 't', 'p', 's', 'f', 'a', 'c', 'e', 'b', 'o', 'o', 'k', 'c', 'o', 'm', 'h', 'o', 'c', 'v', 'i', 'e', 'n', 'p', 't', 'i', 't', ' ', 't', 'u', 'y', '·ªÉ', 'n', '_', 's', 'i', 'n', 'h', ' ', 'h', 't', 't', 'p', 's', 't', 'u', 'y', 'e', 'n', 's', 'i', 'n', 'h', 'p', 't', 'i', 't', 'e', 'd', 'u', 'v', 'n', ' ', 'y', 'o', 'u', 't', 'u', 'b', 'e', ' ', 'h', 't', 't', 'p', 's', 'w', 'w', 'w', 'y', 'o', 'u', 't', 'u', 'b', 'e', 'c', 'o', 'm', 'p', 'c', 'h', 'a', 'n', 'n', 'e', 'l', 's', ' ', 'w', 'e', 'b', 's', 'i', 't', 'e', ' ', 'h', 't', 't', 'p', 's', 'p', 'o', 'r', 't', 'a', 'l', 'p', 't', 'i', 't', 'e', 'd', 'u', 'v', 'n']"
https://www.facebook.com/share/p/ioQqgTZwz1jTYxoe/,content not found,"['c', 'o', 'n', 't', 'e', 'n', 't', ' ', 'n', 'o', 't', ' ', 'f', 'o', 'u', 'n', 'd']"
https://www.facebook.com/share/p/kiVn7km7CB8sSLjU/,ptit20394 m√¨nh kh√° b·ª©c_x√∫c v·ªÅ kho·∫£n d·ªãch_v·ª• c·ªßa tr∆∞·ªùng tr∆∞·ªõc th√¨ th·∫•y v·ª• nh·∫≠n b·∫±ng c·ªßa c√°c anh_ch·ªã kh√≥a tr√™n c≈©ng ch·∫≠m_ch·∫°p nh∆∞ 1 anh m√¨nh quen kh√≥a tr∆∞·ªõc ra tr∆∞·ªùng c≈©ng v√¨ c√°i t·ªôi tr∆∞·ªùng l√¢u tr·∫£ b·∫±ng m√† m·∫•t bao_nhi√™u c∆°_h·ªôi vi·ªác_l√†m ngon v√† r·ªìi c√°i g√¨ t·ªõi c≈©ng ƒë√£ t·ªõi gi·ªù t·ªõt l∆∞·ª£t m√¨nh m√¨nh ƒëang ·ª©ng_tuy·ªÉn v√†o 1 v·ªã_tr√≠ c·ªßa 1 t·∫≠p_ƒëo√†n nh√†_n∆∞·ªõc c≈©ng r·∫•t l·ªõn v√† sau th·ªùi_gian thi_tuy·ªÉn h·ªç b·∫Øt n·ªôp b·∫£ng ƒëi·ªÉm c√≥ d·∫•u c·ªßa nh√†_tr∆∞·ªùng v·ªõi th·ªùi_h·∫°n kh√° ng·∫Øn ƒëen thay ƒë√∫ng v√†o ƒë·ª£t nh√†_tr∆∞·ªùng c·∫≠p_nh·∫≠t ƒëi·ªÉm v√† c√¢u tr·∫£_l·ªùi t·ª´ nh√†_tr∆∞·ªùng l√† ƒë·ª£i t·ªõi t·∫≠n n·ª≠a th√°ng trong th·ªùi_gian c·∫≠p_nh·∫≠t r·∫•t d√†i th·∫ø tr∆∞·ªùng kh√¥ng c√≥ th√¥ng_b√°o qua c·ªïng th√¥ng_tin n√†o ƒë·ªÉ cho sinh_vi√™n c√≥ nguy·ªán_v·ªçng c·∫ßn_thi·∫øt ƒë·ªÉ tranh_th·ªß tr∆∞·ªõc th·ªùi_gian ƒë√≥ gi·ªù m√¨nh r∆°i v√†o tr·∫°ng_th√°i ti·∫øn_tho√°i l∆∞·ª°ng nan ti·∫øn l√™n th√¨ kh√¥ng ƒë∆∞·ª£c m√† l√πi l·∫°i c≈©ng kh√¥ng xong doanh_nghi·ªáp th√¨ ƒë√≤i g·∫ßn nh∆∞ ph·∫£i c√≥ lu√¥n c√≤n tr∆∞·ªùng th√¨ th·ªùi_gian ng·∫Øn th√¨ kh√¥ng_th·ªÉ c√≥ ch·∫Øc c≈©ng r·∫•t nhi·ªÅu ace b·∫°n c≈©ng v√† ƒë√£ r·ªùi v√†o tr∆∞·ªùng_h·ª£p t∆∞∆°ng_t·ª± nh∆∞ n√†y m√¨nh kh√¥ng mu·ªën b√≥c ph·ªët tr∆∞·ªùng nh∆∞ng th·ª±c_s·ª± nh√†_tr∆∞·ªùng c√≤n qu√° b·∫•t_c·∫≠p trong vi·ªác gi√∫p t·∫°o ƒëi·ªÅu_ki·ªán cho c√¥ng_vi·ªác c·ªßa sinh_vi√™n tr∆∞·ªùng c·ª© th·ª≠ nh√¨n c√°c tr∆∞·ªùng kh√°c d·ªãch_v·ª• nh∆∞ th·∫ø v√† nh√¨n v·ªÅ tr∆∞·ªùng m√¨nh th√¨ ƒë√∫ng ch√°n m·ªôt ph·∫ßn l·ªói c≈©ng do m√¨nh kh√¥ng chu·∫©n_b·ªã gi·∫•y_t·ªù s·ªõm ƒë√¢y c√≥_th·ªÉ ƒë√¢y l√† √Ω_ki·∫øn ch·ªß_quan c·ªßa m√¨nh mong m·ªçi ng∆∞·ªùi hoan_h·ªâ,"['p', 't', 'i', 't', '2', '0', '3', '9', '4', ' ', 'm', '√¨', 'n', 'h', ' ', 'k', 'h', ' ', 'b', '·ª©', 'c', '_', 'x', '√∫', 'c', ' ', 'v', '·ªÅ', ' ', 'k', 'h', 'o', '·∫£', 'n', ' ', 'd', '·ªã', 'c', 'h', '_', 'v', '·ª•', ' ', 'c', '·ªß', 'a', ' ', 't', 'r', 'n', 'g', ' ', 't', 'r', 'c', ' ', 't', 'h', '√¨', ' ', 't', 'h', '·∫•', 'y', ' ', 'v', '·ª•', ' ', 'n', 'h', '·∫≠', 'n', ' ', 'b', '·∫±', 'n', 'g', ' ', 'c', '·ªß', 'a', ' ', 'c', 'c', ' ', 'a', 'n', 'h', '_', 'c', 'h', '·ªã', ' ', 'k', 'h', '√≥', 'a', ' ', 't', 'r', '√™', 'n', ' ', 'c', '≈©', 'n', 'g', ' ', 'c', 'h', '·∫≠', 'm', '_', 'c', 'h', 'p', ' ', 'n', 'h', ' ', '1', ' ', 'a', 'n', 'h', ' ', 'm', '√¨', 'n', 'h', ' ', 'q', 'u', 'e', 'n', ' ', 'k', 'h', '√≥', 'a', ' ', 't', 'r', 'c', ' ', 'r', 'a', ' ', 't', 'r', 'n', 'g', ' ', 'c', '≈©', 'n', 'g', ' ', 'v', '√¨', ' ', 'c', 'i', ' ', 't', '·ªô', 'i', ' ', 't', 'r', 'n', 'g', ' ', 'l', '√¢', 'u', ' ', 't', 'r', '·∫£', ' ', 'b', '·∫±', 'n', 'g', ' ', 'm', ' ', 'm', '·∫•', 't', ' ', 'b', 'a', 'o', '_', 'n', 'h', 'i', '√™', 'u', ' ', 'c', '_', 'h', '·ªô', 'i', ' ', 'v', 'i', '·ªá', 'c', '_', 'l', 'm', ' ', 'n', 'g', 'o', 'n', ' ', 'v', ' ', 'r', 'i', ' ', 'c', 'i', ' ', 'g', '√¨', ' ', 't', 'i', ' ', 'c', '≈©', 'n', 'g', ' ', 'ƒë', '√£', ' ', 't', 'i', ' ', 'g', 'i', ' ', 't', 't', ' ', 'l', '·ª£', 't', ' ', 'm', '√¨', 'n', 'h', ' ', 'm', '√¨', 'n', 'h', ' ', 'ƒë', 'a', 'n', 'g', ' ', '·ª©', 'n', 'g', '_', 't', 'u', 'y', '·ªÉ', 'n', ' ', 'v', 'o', ' ', '1', ' ', 'v', '·ªã', '_', 't', 'r', '√≠', ' ', 'c', '·ªß', 'a', ' ', '1', ' ', 't', '·∫≠', 'p', '_', 'ƒë', 'o', 'n', ' ', 'n', 'h', '_', 'n', 'c', ' ', 'c', '≈©', 'n', 'g', ' ', 'r', '·∫•', 't', ' ', 'l', 'n', ' ', 'v', ' ', 's', 'a', 'u', ' ', 't', 'h', 'i', '_', 'g', 'i', 'a', 'n', ' ', 't', 'h', 'i', '_', 't', 'u', 'y', '·ªÉ', 'n', ' ', 'h', '·ªç', ' ', 'b', '·∫Ø', 't', ' ', 'n', '·ªô', 'p', ' ', 'b', '·∫£', 'n', 'g', ' ', 'ƒë', 'i', '·ªÉ', 'm', ' ', 'c', '√≥', ' ', 'd', '·∫•', 'u', ' ', 'c', '·ªß', 'a', ' ', 'n', 'h', '_', 't', 'r', 'n', 'g', ' ', 'v', 'i', ' ', 't', 'h', 'i', '_', 'h', 'n', ' ', 'k', 'h', ' ', 'n', 'g', '·∫Ø', 'n', ' ', 'ƒë', 'e', 'n', ' ', 't', 'h', 'a', 'y', ' ', 'ƒë', '√∫', 'n', 'g', ' ', 'v', 'o', ' ', 'ƒë', '·ª£', 't', ' ', 'n', 'h', '_', 't', 'r', 'n', 'g', ' ', 'c', '·∫≠', 'p', '_', 'n', 'h', '·∫≠', 't', ' ', 'ƒë', 'i', '·ªÉ', 'm', ' ', 'v', ' ', 'c', '√¢', 'u', ' ', 't', 'r', '·∫£', '_', 'l', 'i', ' ', 't', ' ', 'n', 'h', '_', 't', 'r', 'n', 'g', ' ', 'l', ' ', 'ƒë', '·ª£', 'i', ' ', 't', 'i', ' ', 't', '·∫≠', 'n', ' ', 'n', 'a', ' ', 't', 'h', 'n', 'g', ' ', 't', 'r', 'o', 'n', 'g', ' ', 't', 'h', 'i', '_', 'g', 'i', 'a', 'n', ' ', 'c', '·∫≠', 'p', '_', 'n', 'h', '·∫≠', 't', ' ', 'r', '·∫•', 't', ' ', 'd', 'i', ' ', 't', 'h', '·∫ø', ' ', 't', 'r', 'n', 'g', ' ', 'k', 'h', '√¥', 'n', 'g', ' ', 'c', '√≥', ' ', 't', 'h', '√¥', 'n', 'g', '_', 'b', 'o', ' ', 'q', 'u', 'a', ' ', 'c', '·ªï', 'n', 'g', ' ', 't', 'h', '√¥', 'n', 'g', '_', 't', 'i', 'n', ' ', 'n', 'o', ' ', 'ƒë', '·ªÉ', ' ', 'c', 'h', 'o', ' ', 's', 'i', 'n', 'h', '_', 'v', 'i', '√™', 'n', ' ', 'c', '√≥', ' ', 'n', 'g', 'u', 'y', '·ªá', 'n', '_', 'v', '·ªç', 'n', 'g', ' ', 'c', '·∫ß', 'n', '_', 't', 'h', 'i', '·∫ø', 't', ' ', 'ƒë', '·ªÉ', ' ', 't', 'r', 'a', 'n', 'h', '_', 't', 'h', '·ªß', ' ', 't', 'r', 'c', ' ', 't', 'h', 'i', '_', 'g', 'i', 'a', 'n', ' ', 'ƒë', '√≥', ' ', 'g', 'i', ' ', 'm', '√¨', 'n', 'h', ' ', 'r', 'i', ' ', 'v', 'o', ' ', 't', 'r', 'n', 'g', '_', 't', 'h', 'i', ' ', 't', 'i', '·∫ø', 'n', '_', 't', 'h', 'o', 'i', ' ', 'l', '·ª°', 'n', 'g', ' ', 'n', 'a', 'n', ' ', 't', 'i', '·∫ø', 'n', ' ', 'l', '√™', 'n', ' ', 't', 'h', '√¨', ' ', 'k', 'h', '√¥', 'n', 'g', ' ', 'ƒë', '·ª£', 'c', ' ', 'm', ' ', 'l', '√π', 'i', ' ', 'l', 'i', ' ', 'c', '≈©', 'n', 'g', ' ', 'k', 'h', '√¥', 'n', 'g', ' ', 'x', 'o', 'n', 'g', ' ', 'd', 'o', 'a', 'n', 'h', '_', 'n', 'g', 'h', 'i', '·ªá', 'p', ' ', 't', 'h', '√¨', ' ', 'ƒë', '√≤', 'i', ' ', 'g', '·∫ß', 'n', ' ', 'n', 'h', ' ', 'p', 'h', '·∫£', 'i', ' ', 'c', '√≥', ' ', 'l', 'u', '√¥', 'n', ' ', 'c', '√≤', 'n', ' ', 't', 'r', 'n', 'g', ' ', 't', 'h', '√¨', ' ', 't', 'h', 'i', '_', 'g', 'i', 'a', 'n', ' ', 'n', 'g', '·∫Ø', 'n', ' ', 't', 'h', '√¨', ' ', 'k', 'h', '√¥', 'n', 'g', '_', 't', 'h', '·ªÉ', ' ', 'c', '√≥', ' ', 'c', 'h', '·∫Ø', 'c', ' ', 'c', '≈©', 'n', 'g', ' ', 'r', '·∫•', 't', ' ', 'n', 'h', 'i', '·ªÅ', 'u', ' ', 'a', 'c', 'e', ' ', 'b', 'n', ' ', 'c', '≈©', 'n', 'g', ' ', 'v', ' ', 'ƒë', '√£', ' ', 'r', 'i', ' ', 'v', 'o', ' ', 't', 'r', 'n', 'g', '_', 'h', '·ª£', 'p', ' ', 't', 'n', 'g', '_', 't', '·ª±', ' ', 'n', 'h', ' ', 'n', 'y', ' ', 'm', '√¨', 'n', 'h', ' ', 'k', 'h', '√¥', 'n', 'g', ' ', 'm', 'u', '·ªë', 'n', ' ', 'b', '√≥', 'c', ' ', 'p', 'h', '·ªë', 't', ' ', 't', 'r', 'n', 'g', ' ', 'n', 'h', 'n', 'g', ' ', 't', 'h', '·ª±', 'c', '_', 's', '·ª±', ' ', 'n', 'h', '_', 't', 'r', 'n', 'g', ' ', 'c', '√≤', 'n', ' ', 'q', 'u', ' ', 'b', '·∫•', 't', '_', 'c', '·∫≠', 'p', ' ', 't', 'r', 'o', 'n', 'g', ' ', 'v', 'i', '·ªá', 'c', ' ', 'g', 'i', '√∫', 'p', ' ', 't', 'o', ' ', 'ƒë', 'i', '·ªÅ', 'u', '_', 'k', 'i', '·ªá', 'n', ' ', 'c', 'h', 'o', ' ', 'c', '√¥', 'n', 'g', '_', 'v', 'i', '·ªá', 'c', ' ', 'c', '·ªß', 'a', ' ', 's', 'i', 'n', 'h', '_', 'v', 'i', '√™', 'n', ' ', 't', 'r', 'n', 'g', ' ', 'c', '·ª©', ' ', 't', 'h', ' ', 'n', 'h', '√¨', 'n', ' ', 'c', 'c', ' ', 't', 'r', 'n', 'g', ' ', 'k', 'h', 'c', ' ', 'd', '·ªã', 'c', 'h', '_', 'v', '·ª•', ' ', 'n', 'h', ' ', 't', 'h', '·∫ø', ' ', 'v', ' ', 'n', 'h', '√¨', 'n', ' ', 'v', '·ªÅ', ' ', 't', 'r', 'n', 'g', ' ', 'm', '√¨', 'n', 'h', ' ', 't', 'h', '√¨', ' ', 'ƒë', '√∫', 'n', 'g', ' ', 'c', 'h', 'n', ' ', 'm', '·ªô', 't', ' ', 'p', 'h', '·∫ß', 'n', ' ', 'l', '·ªó', 'i', ' ', 'c', '≈©', 'n', 'g', ' ', 'd', 'o', ' ', 'm', '√¨', 'n', 'h', ' ', 'k', 'h', '√¥', 'n', 'g', ' ', 'c', 'h', 'u', '·∫©', 'n', '_', 'b', '·ªã', ' ', 'g', 'i', '·∫•', 'y', '_', 't', ' ', 's', 'm', ' ', 'ƒë', '√¢', 'y', ' ', 'c', '√≥', '_', 't', 'h', '·ªÉ', ' ', 'ƒë', '√¢', 'y', ' ', 'l', ' ', '_', 'k', 'i', '·∫ø', 'n', ' ', 'c', 'h', '·ªß', '_', 'q', 'u', 'a', 'n', ' ', 'c', '·ªß', 'a', ' ', 'm', '√¨', 'n', 'h', ' ', 'm', 'o', 'n', 'g', ' ', 'm', '·ªç', 'i', ' ', 'n', 'g', 'i', ' ', 'h', 'o', 'a', 'n', '_', 'h', '·ªâ']"
https://www.facebook.com/share/p/bgPm9GgP1L4U3RZp/,ptit20391 ni·ªÅm vui ƒë·ªó ƒë·∫°i_h·ªçc v√† ni·ªÅm t·ª±_h√†o ƒë∆∞·ª£c l√† ptiter ƒëang ng√†y_c√†ng gi·∫£m_s√∫t theo c√°i c√°ch m√† hv ƒë·ªëi_x·ª≠ v·ªõi t√¢n sv m·∫•t ƒëi·ªÉm l·∫ßn m·ªôt c√¥ng_b·ªë ƒëi·ªÉm_chu·∫©n qu√° ch·∫≠m kh√¥ng bi·∫øt hv ng√¢m ƒëi·ªÉm_chu·∫©n ƒë·ªÉ c√¥ng_b·ªë c√≥ l·ª£i_√≠ch g√¨ ch·ª© t√¢n_sinh_vi√™n ch·ªâ th√™m cƒÉng_th·∫≥ng v√† th·∫•t_v·ªçng v√¨ kh·∫£_nƒÉng quy·∫øt_ƒë·ªãnh c·ªßa hv trong khi b·∫°n_b√® v√† c√°c tr∆∞·ªùng kh√°c c√¥ng_b·ªë ƒëi·ªÉm_chu·∫©n r·∫ßn_r·∫ßn th√¨ hv v·∫´n im_l√¨m c·ªë_th·ªß t√¢n sv ph·∫£i v√†o web c·ªßa b·ªô xem k·∫øt_qu·∫£ thay_v√¨ v√†o trang_web c·ªßa hv m·∫•t ƒëi·ªÉm l·∫ßn 2 ph·∫ßn_m·ªÅm x√°c_nh·∫≠n nh·∫≠p_h·ªçc online th√¨ l·ªói nhoe khi th√¨ b√°o ƒë·ªó th√†nh tr∆∞·ª£t khi th√¨ b√°o h·ªì_s∆° kh√¥ng h·ª£p_l·ªá khi th√¨ b√°o kh√¥ng th·∫•y m√°y_ch·ªß th·∫•y qu·∫£ng_c√°o hv c√¥ng_ngh·ªá hay l√† ƒë·∫°i_h·ªçc s·ªë g√¨ m√† c√°i ph·∫ßn_m·ªÅm tuy·ªÉn_sinh c≈©ng kh√¥ng d√πng ƒë∆∞·ª£c m·∫•t ƒëi·ªÉm l·∫ßn 3 h·ªçc_ph√≠ ƒë√£ cao th√¨_ch·ªõ l·∫°i c·ªông lu√¥n h·ªçc_ph√≠ 75tc qu√¢n_s·ª± v√†o b·∫Øt n·ªôp lu√¥n ƒë√∫ng g√¢y s·ªëc cho gia_ƒë√¨nh t√¢n sv m√† n·∫øu t√°ch ph·∫ßn h·ªçc_ph√≠ qu√¢n_s·ª± ƒë·∫•y ra cho sv n·ªôp v√†o khi b·∫Øt_ƒë·∫ßu h·ªçc khi nh·∫≠p_h·ªçc ch·ªâ ph·∫£i n·ªôp hp kh√¥ng t√≠nh qs th√¨ th·∫•p h∆°n c√≥ ph·∫£i gi√£n √°p_l·ª±c cho gia_ƒë√¨nh b·ªçn em kh√¥ng m√† hv v·∫´n thu ƒë∆∞·ª£c ƒë·ªß kh√¥ng m√† t√¢n sv c≈©ng ƒë·ª° b·ªã s·ªëc r·ªìi ƒë·ª° tuy√™n_truy·ªÅn x·∫•u cho h√¨nh_·∫£nh hv kh√¥ng c√≥ khi n√†o c√≤n m·∫•t ƒëi·ªÉm l·∫ßn n kh√¥ng r√µ_r√†ng hv c√≥ ƒë√†o_t·∫°o ng√†nh truy·ªÅn_th√¥ng ng√†nh quan_h·ªá c√¥ng_ch√∫ng m√† l√†m truy·ªÅn_th√¥ng l·ªói th·∫ø n√†y quan_h·ªá c√¥ng_ch√∫ng l·ªói th·∫ø n√†y th√¨ ƒëi d·∫°y sv th·∫ø_n√†o t·ª±_nhi√™n l·∫°i ph√¢n_v√¢n c√≥ n√™n nh·∫≠p_h·ªçc kh√¥ng n·ªØa,"['p', 't', 'i', 't', '2', '0', '3', '9', '1', ' ', 'n', 'i', '·ªÅ', 'm', ' ', 'v', 'u', 'i', ' ', 'ƒë', '·ªó', ' ', 'ƒë', 'i', '_', 'h', '·ªç', 'c', ' ', 'v', ' ', 'n', 'i', '·ªÅ', 'm', ' ', 't', '·ª±', '_', 'h', 'o', ' ', 'ƒë', '·ª£', 'c', ' ', 'l', ' ', 'p', 't', 'i', 't', 'e', 'r', ' ', 'ƒë', 'a', 'n', 'g', ' ', 'n', 'g', 'y', '_', 'c', 'n', 'g', ' ', 'g', 'i', '·∫£', 'm', '_', 's', '√∫', 't', ' ', 't', 'h', 'e', 'o', ' ', 'c', 'i', ' ', 'c', 'c', 'h', ' ', 'm', ' ', 'h', 'v', ' ', 'ƒë', '·ªë', 'i', '_', 'x', ' ', 'v', 'i', ' ', 't', '√¢', 'n', ' ', 's', 'v', ' ', 'm', '·∫•', 't', ' ', 'ƒë', 'i', '·ªÉ', 'm', ' ', 'l', '·∫ß', 'n', ' ', 'm', '·ªô', 't', ' ', 'c', '√¥', 'n', 'g', '_', 'b', '·ªë', ' ', 'ƒë', 'i', '·ªÉ', 'm', '_', 'c', 'h', 'u', '·∫©', 'n', ' ', 'q', 'u', ' ', 'c', 'h', '·∫≠', 'm', ' ', 'k', 'h', '√¥', 'n', 'g', ' ', 'b', 'i', '·∫ø', 't', ' ', 'h', 'v', ' ', 'n', 'g', '√¢', 'm', ' ', 'ƒë', 'i', '·ªÉ', 'm', '_', 'c', 'h', 'u', '·∫©', 'n', ' ', 'ƒë', '·ªÉ', ' ', 'c', '√¥', 'n', 'g', '_', 'b', '·ªë', ' ', 'c', '√≥', ' ', 'l', '·ª£', 'i', '_', '√≠', 'c', 'h', ' ', 'g', '√¨', ' ', 'c', 'h', '·ª©', ' ', 't', '√¢', 'n', '_', 's', 'i', 'n', 'h', '_', 'v', 'i', '√™', 'n', ' ', 'c', 'h', '·ªâ', ' ', 't', 'h', '√™', 'm', ' ', 'c', 'ƒÉ', 'n', 'g', '_', 't', 'h', '·∫≥', 'n', 'g', ' ', 'v', ' ', 't', 'h', '·∫•', 't', '_', 'v', '·ªç', 'n', 'g', ' ', 'v', '√¨', ' ', 'k', 'h', '·∫£', '_', 'n', 'ƒÉ', 'n', 'g', ' ', 'q', 'u', 'y', '·∫ø', 't', '_', 'ƒë', '·ªã', 'n', 'h', ' ', 'c', '·ªß', 'a', ' ', 'h', 'v', ' ', 't', 'r', 'o', 'n', 'g', ' ', 'k', 'h', 'i', ' ', 'b', 'n', '_', 'b', '√®', ' ', 'v', ' ', 'c', 'c', ' ', 't', 'r', 'n', 'g', ' ', 'k', 'h', 'c', ' ', 'c', '√¥', 'n', 'g', '_', 'b', '·ªë', ' ', 'ƒë', 'i', '·ªÉ', 'm', '_', 'c', 'h', 'u', '·∫©', 'n', ' ', 'r', '·∫ß', 'n', '_', 'r', '·∫ß', 'n', ' ', 't', 'h', '√¨', ' ', 'h', 'v', ' ', 'v', '·∫´', 'n', ' ', 'i', 'm', '_', 'l', '√¨', 'm', ' ', 'c', '·ªë', '_', 't', 'h', '·ªß', ' ', 't', '√¢', 'n', ' ', 's', 'v', ' ', 'p', 'h', '·∫£', 'i', ' ', 'v', 'o', ' ', 'w', 'e', 'b', ' ', 'c', '·ªß', 'a', ' ', 'b', '·ªô', ' ', 'x', 'e', 'm', ' ', 'k', '·∫ø', 't', '_', 'q', 'u', '·∫£', ' ', 't', 'h', 'a', 'y', '_', 'v', '√¨', ' ', 'v', 'o', ' ', 't', 'r', 'a', 'n', 'g', '_', 'w', 'e', 'b', ' ', 'c', '·ªß', 'a', ' ', 'h', 'v', ' ', 'm', '·∫•', 't', ' ', 'ƒë', 'i', '·ªÉ', 'm', ' ', 'l', '·∫ß', 'n', ' ', '2', ' ', 'p', 'h', '·∫ß', 'n', '_', 'm', '·ªÅ', 'm', ' ', 'x', 'c', '_', 'n', 'h', '·∫≠', 'n', ' ', 'n', 'h', '·∫≠', 'p', '_', 'h', '·ªç', 'c', ' ', 'o', 'n', 'l', 'i', 'n', 'e', ' ', 't', 'h', '√¨', ' ', 'l', '·ªó', 'i', ' ', 'n', 'h', 'o', 'e', ' ', 'k', 'h', 'i', ' ', 't', 'h', '√¨', ' ', 'b', 'o', ' ', 'ƒë', '·ªó', ' ', 't', 'h', 'n', 'h', ' ', 't', 'r', '·ª£', 't', ' ', 'k', 'h', 'i', ' ', 't', 'h', '√¨', ' ', 'b', 'o', ' ', 'h', '_', 's', ' ', 'k', 'h', '√¥', 'n', 'g', ' ', 'h', '·ª£', 'p', '_', 'l', '·ªá', ' ', 'k', 'h', 'i', ' ', 't', 'h', '√¨', ' ', 'b', 'o', ' ', 'k', 'h', '√¥', 'n', 'g', ' ', 't', 'h', '·∫•', 'y', ' ', 'm', 'y', '_', 'c', 'h', '·ªß', ' ', 't', 'h', '·∫•', 'y', ' ', 'q', 'u', '·∫£', 'n', 'g', '_', 'c', 'o', ' ', 'h', 'v', ' ', 'c', '√¥', 'n', 'g', '_', 'n', 'g', 'h', '·ªá', ' ', 'h', 'a', 'y', ' ', 'l', ' ', 'ƒë', 'i', '_', 'h', '·ªç', 'c', ' ', 's', '·ªë', ' ', 'g', '√¨', ' ', 'm', ' ', 'c', 'i', ' ', 'p', 'h', '·∫ß', 'n', '_', 'm', '·ªÅ', 'm', ' ', 't', 'u', 'y', '·ªÉ', 'n', '_', 's', 'i', 'n', 'h', ' ', 'c', '≈©', 'n', 'g', ' ', 'k', 'h', '√¥', 'n', 'g', ' ', 'd', '√π', 'n', 'g', ' ', 'ƒë', '·ª£', 'c', ' ', 'm', '·∫•', 't', ' ', 'ƒë', 'i', '·ªÉ', 'm', ' ', 'l', '·∫ß', 'n', ' ', '3', ' ', 'h', '·ªç', 'c', '_', 'p', 'h', '√≠', ' ', 'ƒë', '√£', ' ', 'c', 'a', 'o', ' ', 't', 'h', '√¨', '_', 'c', 'h', ' ', 'l', 'i', ' ', 'c', '·ªô', 'n', 'g', ' ', 'l', 'u', '√¥', 'n', ' ', 'h', '·ªç', 'c', '_', 'p', 'h', '√≠', ' ', '7', '5', 't', 'c', ' ', 'q', 'u', '√¢', 'n', '_', 's', '·ª±', ' ', 'v', 'o', ' ', 'b', '·∫Ø', 't', ' ', 'n', '·ªô', 'p', ' ', 'l', 'u', '√¥', 'n', ' ', 'ƒë', '√∫', 'n', 'g', ' ', 'g', '√¢', 'y', ' ', 's', '·ªë', 'c', ' ', 'c', 'h', 'o', ' ', 'g', 'i', 'a', '_', 'ƒë', '√¨', 'n', 'h', ' ', 't', '√¢', 'n', ' ', 's', 'v', ' ', 'm', ' ', 'n', '·∫ø', 'u', ' ', 't', 'c', 'h', ' ', 'p', 'h', '·∫ß', 'n', ' ', 'h', '·ªç', 'c', '_', 'p', 'h', '√≠', ' ', 'q', 'u', '√¢', 'n', '_', 's', '·ª±', ' ', 'ƒë', '·∫•', 'y', ' ', 'r', 'a', ' ', 'c', 'h', 'o', ' ', 's', 'v', ' ', 'n', '·ªô', 'p', ' ', 'v', 'o', ' ', 'k', 'h', 'i', ' ', 'b', '·∫Ø', 't', '_', 'ƒë', '·∫ß', 'u', ' ', 'h', '·ªç', 'c', ' ', 'k', 'h', 'i', ' ', 'n', 'h', '·∫≠', 'p', '_', 'h', '·ªç', 'c', ' ', 'c', 'h', '·ªâ', ' ', 'p', 'h', '·∫£', 'i', ' ', 'n', '·ªô', 'p', ' ', 'h', 'p', ' ', 'k', 'h', '√¥', 'n', 'g', ' ', 't', '√≠', 'n', 'h', ' ', 'q', 's', ' ', 't', 'h', '√¨', ' ', 't', 'h', '·∫•', 'p', ' ', 'h', 'n', ' ', 'c', '√≥', ' ', 'p', 'h', '·∫£', 'i', ' ', 'g', 'i', '√£', 'n', ' ', 'p', '_', 'l', '·ª±', 'c', ' ', 'c', 'h', 'o', ' ', 'g', 'i', 'a', '_', 'ƒë', '√¨', 'n', 'h', ' ', 'b', '·ªç', 'n', ' ', 'e', 'm', ' ', 'k', 'h', '√¥', 'n', 'g', ' ', 'm', ' ', 'h', 'v', ' ', 'v', '·∫´', 'n', ' ', 't', 'h', 'u', ' ', 'ƒë', '·ª£', 'c', ' ', 'ƒë', '·ªß', ' ', 'k', 'h', '√¥', 'n', 'g', ' ', 'm', ' ', 't', '√¢', 'n', ' ', 's', 'v', ' ', 'c', '≈©', 'n', 'g', ' ', 'ƒë', '·ª°', ' ', 'b', '·ªã', ' ', 's', '·ªë', 'c', ' ', 'r', 'i', ' ', 'ƒë', '·ª°', ' ', 't', 'u', 'y', '√™', 'n', '_', 't', 'r', 'u', 'y', '·ªÅ', 'n', ' ', 'x', '·∫•', 'u', ' ', 'c', 'h', 'o', ' ', 'h', '√¨', 'n', 'h', '_', '·∫£', 'n', 'h', ' ', 'h', 'v', ' ', 'k', 'h', '√¥', 'n', 'g', ' ', 'c', '√≥', ' ', 'k', 'h', 'i', ' ', 'n', 'o', ' ', 'c', '√≤', 'n', ' ', 'm', '·∫•', 't', ' ', 'ƒë', 'i', '·ªÉ', 'm', ' ', 'l', '·∫ß', 'n', ' ', 'n', ' ', 'k', 'h', '√¥', 'n', 'g', ' ', 'r', '√µ', '_', 'r', 'n', 'g', ' ', 'h', 'v', ' ', 'c', '√≥', ' ', 'ƒë', 'o', '_', 't', 'o', ' ', 'n', 'g', 'n', 'h', ' ', 't', 'r', 'u', 'y', '·ªÅ', 'n', '_', 't', 'h', '√¥', 'n', 'g', ' ', 'n', 'g', 'n', 'h', ' ', 'q', 'u', 'a', 'n', '_', 'h', '·ªá', ' ', 'c', '√¥', 'n', 'g', '_', 'c', 'h', '√∫', 'n', 'g', ' ', 'm', ' ', 'l', 'm', ' ', 't', 'r', 'u', 'y', '·ªÅ', 'n', '_', 't', 'h', '√¥', 'n', 'g', ' ', 'l', '·ªó', 'i', ' ', 't', 'h', '·∫ø', ' ', 'n', 'y', ' ', 'q', 'u', 'a', 'n', '_', 'h', '·ªá', ' ', 'c', '√¥', 'n', 'g', '_', 'c', 'h', '√∫', 'n', 'g', ' ', 'l', '·ªó', 'i', ' ', 't', 'h', '·∫ø', ' ', 'n', 'y', ' ', 't', 'h', '√¨', ' ', 'ƒë', 'i', ' ', 'd', 'y', ' ', 's', 'v', ' ', 't', 'h', '·∫ø', '_', 'n', 'o', ' ', 't', '·ª±', '_', 'n', 'h', 'i', '√™', 'n', ' ', 'l', 'i', ' ', 'p', 'h', '√¢', 'n', '_', 'v', '√¢', 'n', ' ', 'c', '√≥', ' ', 'n', '√™', 'n', ' ', 'n', 'h', '·∫≠', 'p', '_', 'h', '·ªç', 'c', ' ', 'k', 'h', '√¥', 'n', 'g', ' ', 'n', '·ªØ', 'a']"
https://www.facebook.com/share/p/GXu8ydwu4bUzJ4vV/,b√†i gi·∫£ng m·ªü ùêìùêáùêÑ ùêÖùêîùêìùêîùêëùêÑ ùêéùêÖ ùêàùêçùêìùêÑùêãùêãùêàùêÜùêÑùêçùêÇùêÑ ùêÑùêóùêèùêãùêéùêëùêàùêçùêÜ ùêìùêáùêÑ ùêàùêåùêèùêÄùêÇùêì ùêéùêÖ ùêÄùêà ùêéùêç ùêéùêîùêë ùêñùêéùêëùêãùêÉ h·ªçc_vi·ªán c√¥ng_ngh·ªá b∆∞u_ch√≠nh vi·ªÖn_th√¥ng ph·ªëi_h·ª£p ƒë·∫°i_h·ªçc huddersfield t·ªï_ch·ª©c b√†i gi·∫£ng m·ªü the future of intelligence exploring the impact of ai on our world v·ªõi s·ª± g√≥p_m·∫∑t c·ªßa di·ªÖn gi·∫£ ƒë·∫øn t·ª´ ƒë·∫°i_h·ªçc huddersfield v∆∞∆°ng_qu·ªëc anh di·ªÖn gi·∫£ b√†i gi·∫£ng gi√°o_s∆∞ rupak kharel tr∆∞·ªüng khoa cntt v√† k·ªπ_thu·∫≠t ƒë·∫°i_h·ªçc huddersfield v∆∞∆°ng_qu·ªëc anhb√†i gi·∫£ng s·∫Ω mang ƒë·∫øn nh·ªØng ki·∫øn_th·ª©c v√¥_c√πng h·ªØu_√≠ch cho sinh_vi√™n v·ªÅ s·ª± ph√°t_tri·ªÉn c·ªßa tr√≠_tu·ªá nh√¢n_t·∫°o v√† nh·ªØng t√°c_ƒë·ªông c·ªßa ai ƒë·∫øn m·ªçi m·∫∑t trong cu·ªôc_s·ªëng ti·ªÅm_nƒÉng c·ªßa ai trong th√∫c_ƒë·∫©y s√°ng t·∫°p t·ª±_ƒë·ªông_ho√° c√¥ng_vi·ªác v√† nh·ªØng th√°ch_th·ª©c trong vi·ªác qu·∫£n_l√Ω_s·ª± ph√°t_tri·ªÉn c·ªßa tr√≠_tu·ªá nh√¢n_t·∫°o c√πng di·ªÖn gi·∫£ t√¨m_hi·ªÉu ph√¢n_t√≠ch c√°c thu·∫≠t_to√°n module case study li√™n_quan ƒë·∫øn ai b√™n c·∫°nh ƒë√≥ tham_gia b√†i gi·∫£ng n√†y sinh_vi√™n s·∫Ω c√≥ c∆°_h·ªôi giao_l∆∞u th·∫£o_lu·∫≠n v·ªõi di·ªÖn gi·∫£ v·ªÅ ch·ªß_ƒë·ªÅ th√∫_v·ªã n√†yth√¥ng tin b√†i gi·∫£ng m·ªü ƒë·ªëi_t∆∞·ª£ng tham_d·ª± sinh_vi√™n ptit th·ªùi_gian 9h00 ng√†y 27092024 ƒë·ªãa_ƒëi·ªÉm h·ªçc_vi·ªán c√¥ng_ngh·ªá b∆∞u_ch√≠nh vi·ªÖn th√¥nglink ƒëƒÉng_k√Ω tham_gia b·∫£i gi·∫£ng m·ªü httpsbitly3awxscv trung_t√¢m ƒë√†o_t·∫°o qu·ªëc_t·∫ø h·ªçc_vi·ªán c√¥ng_ngh·ªá b∆∞u_ch√≠nh vi·ªÖn_th√¥ng hotline 0886160606 fanpage httpswwwfacebookcomptitcie clc ptit httpsclcptiteduvn website httpsportalptiteduvn httpscieptiteduvn cntt vi·ªát nh·∫≠t httpsvjipptiteduvn zalo trung_t√¢m ƒë√†o_t·∫°o qu·ªëc_t·∫ø id 925360078735837161,"['b', 'i', ' ', 'g', 'i', '·∫£', 'n', 'g', ' ', 'm', ' ', 'ùêì', 'ùêá', 'ùêÑ', ' ', 'ùêÖ', 'ùêî', 'ùêì', 'ùêî', 'ùêë', 'ùêÑ', ' ', 'ùêé', 'ùêÖ', ' ', 'ùêà', 'ùêç', 'ùêì', 'ùêÑ', 'ùêã', 'ùêã', 'ùêà', 'ùêÜ', 'ùêÑ', 'ùêç', 'ùêÇ', 'ùêÑ', ' ', 'ùêÑ', 'ùêó', 'ùêè', 'ùêã', 'ùêé', 'ùêë', 'ùêà', 'ùêç', 'ùêÜ', ' ', 'ùêì', 'ùêá', 'ùêÑ', ' ', 'ùêà', 'ùêå', 'ùêè', 'ùêÄ', 'ùêÇ', 'ùêì', ' ', 'ùêé', 'ùêÖ', ' ', 'ùêÄ', 'ùêà', ' ', 'ùêé', 'ùêç', ' ', 'ùêé', 'ùêî', 'ùêë', ' ', 'ùêñ', 'ùêé', 'ùêë', 'ùêã', 'ùêÉ', ' ', 'h', '·ªç', 'c', '_', 'v', 'i', '·ªá', 'n', ' ', 'c', '√¥', 'n', 'g', '_', 'n', 'g', 'h', '·ªá', ' ', 'b', 'u', '_', 'c', 'h', '√≠', 'n', 'h', ' ', 'v', 'i', '·ªÖ', 'n', '_', 't', 'h', '√¥', 'n', 'g', ' ', 'p', 'h', '·ªë', 'i', '_', 'h', '·ª£', 'p', ' ', 'ƒë', 'i', '_', 'h', '·ªç', 'c', ' ', 'h', 'u', 'd', 'd', 'e', 'r', 's', 'f', 'i', 'e', 'l', 'd', ' ', 't', '·ªï', '_', 'c', 'h', '·ª©', 'c', ' ', 'b', 'i', ' ', 'g', 'i', '·∫£', 'n', 'g', ' ', 'm', ' ', 't', 'h', 'e', ' ', 'f', 'u', 't', 'u', 'r', 'e', ' ', 'o', 'f', ' ', 'i', 'n', 't', 'e', 'l', 'l', 'i', 'g', 'e', 'n', 'c', 'e', ' ', 'e', 'x', 'p', 'l', 'o', 'r', 'i', 'n', 'g', ' ', 't', 'h', 'e', ' ', 'i', 'm', 'p', 'a', 'c', 't', ' ', 'o', 'f', ' ', 'a', 'i', ' ', 'o', 'n', ' ', 'o', 'u', 'r', ' ', 'w', 'o', 'r', 'l', 'd', ' ', 'v', 'i', ' ', 's', '·ª±', ' ', 'g', '√≥', 'p', '_', 'm', '·∫∑', 't', ' ', 'c', '·ªß', 'a', ' ', 'd', 'i', '·ªÖ', 'n', ' ', 'g', 'i', '·∫£', ' ', 'ƒë', '·∫ø', 'n', ' ', 't', ' ', 'ƒë', 'i', '_', 'h', '·ªç', 'c', ' ', 'h', 'u', 'd', 'd', 'e', 'r', 's', 'f', 'i', 'e', 'l', 'd', ' ', 'v', 'n', 'g', '_', 'q', 'u', '·ªë', 'c', ' ', 'a', 'n', 'h', ' ', 'd', 'i', '·ªÖ', 'n', ' ', 'g', 'i', '·∫£', ' ', 'b', 'i', ' ', 'g', 'i', '·∫£', 'n', 'g', ' ', 'g', 'i', 'o', '_', 's', ' ', 'r', 'u', 'p', 'a', 'k', ' ', 'k', 'h', 'a', 'r', 'e', 'l', ' ', 't', 'r', 'n', 'g', ' ', 'k', 'h', 'o', 'a', ' ', 'c', 'n', 't', 't', ' ', 'v', ' ', 'k', '·ªπ', '_', 't', 'h', 'u', '·∫≠', 't', ' ', 'ƒë', 'i', '_', 'h', '·ªç', 'c', ' ', 'h', 'u', 'd', 'd', 'e', 'r', 's', 'f', 'i', 'e', 'l', 'd', ' ', 'v', 'n', 'g', '_', 'q', 'u', '·ªë', 'c', ' ', 'a', 'n', 'h', 'b', 'i', ' ', 'g', 'i', '·∫£', 'n', 'g', ' ', 's', '·∫Ω', ' ', 'm', 'a', 'n', 'g', ' ', 'ƒë', '·∫ø', 'n', ' ', 'n', 'h', '·ªØ', 'n', 'g', ' ', 'k', 'i', '·∫ø', 'n', '_', 't', 'h', '·ª©', 'c', ' ', 'v', '√¥', '_', 'c', '√π', 'n', 'g', ' ', 'h', '·ªØ', 'u', '_', '√≠', 'c', 'h', ' ', 'c', 'h', 'o', ' ', 's', 'i', 'n', 'h', '_', 'v', 'i', '√™', 'n', ' ', 'v', '·ªÅ', ' ', 's', '·ª±', ' ', 'p', 'h', 't', '_', 't', 'r', 'i', '·ªÉ', 'n', ' ', 'c', '·ªß', 'a', ' ', 't', 'r', '√≠', '_', 't', 'u', '·ªá', ' ', 'n', 'h', '√¢', 'n', '_', 't', 'o', ' ', 'v', ' ', 'n', 'h', '·ªØ', 'n', 'g', ' ', 't', 'c', '_', 'ƒë', '·ªô', 'n', 'g', ' ', 'c', '·ªß', 'a', ' ', 'a', 'i', ' ', 'ƒë', '·∫ø', 'n', ' ', 'm', '·ªç', 'i', ' ', 'm', '·∫∑', 't', ' ', 't', 'r', 'o', 'n', 'g', ' ', 'c', 'u', '·ªô', 'c', '_', 's', '·ªë', 'n', 'g', ' ', 't', 'i', '·ªÅ', 'm', '_', 'n', 'ƒÉ', 'n', 'g', ' ', 'c', '·ªß', 'a', ' ', 'a', 'i', ' ', 't', 'r', 'o', 'n', 'g', ' ', 't', 'h', '√∫', 'c', '_', 'ƒë', '·∫©', 'y', ' ', 's', 'n', 'g', ' ', 't', 'p', ' ', 't', '·ª±', '_', 'ƒë', '·ªô', 'n', 'g', '_', 'h', 'o', ' ', 'c', '√¥', 'n', 'g', '_', 'v', 'i', '·ªá', 'c', ' ', 'v', ' ', 'n', 'h', '·ªØ', 'n', 'g', ' ', 't', 'h', 'c', 'h', '_', 't', 'h', '·ª©', 'c', ' ', 't', 'r', 'o', 'n', 'g', ' ', 'v', 'i', '·ªá', 'c', ' ', 'q', 'u', '·∫£', 'n', '_', 'l', '_', 's', '·ª±', ' ', 'p', 'h', 't', '_', 't', 'r', 'i', '·ªÉ', 'n', ' ', 'c', '·ªß', 'a', ' ', 't', 'r', '√≠', '_', 't', 'u', '·ªá', ' ', 'n', 'h', '√¢', 'n', '_', 't', 'o', ' ', 'c', '√π', 'n', 'g', ' ', 'd', 'i', '·ªÖ', 'n', ' ', 'g', 'i', '·∫£', ' ', 't', '√¨', 'm', '_', 'h', 'i', '·ªÉ', 'u', ' ', 'p', 'h', '√¢', 'n', '_', 't', '√≠', 'c', 'h', ' ', 'c', 'c', ' ', 't', 'h', 'u', '·∫≠', 't', '_', 't', 'o', 'n', ' ', 'm', 'o', 'd', 'u', 'l', 'e', ' ', 'c', 'a', 's', 'e', ' ', 's', 't', 'u', 'd', 'y', ' ', 'l', 'i', '√™', 'n', '_', 'q', 'u', 'a', 'n', ' ', 'ƒë', '·∫ø', 'n', ' ', 'a', 'i', ' ', 'b', '√™', 'n', ' ', 'c', 'n', 'h', ' ', 'ƒë', '√≥', ' ', 't', 'h', 'a', 'm', '_', 'g', 'i', 'a', ' ', 'b', 'i', ' ', 'g', 'i', '·∫£', 'n', 'g', ' ', 'n', 'y', ' ', 's', 'i', 'n', 'h', '_', 'v', 'i', '√™', 'n', ' ', 's', '·∫Ω', ' ', 'c', '√≥', ' ', 'c', '_', 'h', '·ªô', 'i', ' ', 'g', 'i', 'a', 'o', '_', 'l', 'u', ' ', 't', 'h', '·∫£', 'o', '_', 'l', 'u', '·∫≠', 'n', ' ', 'v', 'i', ' ', 'd', 'i', '·ªÖ', 'n', ' ', 'g', 'i', '·∫£', ' ', 'v', '·ªÅ', ' ', 'c', 'h', '·ªß', '_', 'ƒë', '·ªÅ', ' ', 't', 'h', '√∫', '_', 'v', '·ªã', ' ', 'n', 'y', 't', 'h', '√¥', 'n', 'g', ' ', 't', 'i', 'n', ' ', 'b', 'i', ' ', 'g', 'i', '·∫£', 'n', 'g', ' ', 'm', ' ', 'ƒë', '·ªë', 'i', '_', 't', '·ª£', 'n', 'g', ' ', 't', 'h', 'a', 'm', '_', 'd', '·ª±', ' ', 's', 'i', 'n', 'h', '_', 'v', 'i', '√™', 'n', ' ', 'p', 't', 'i', 't', ' ', 't', 'h', 'i', '_', 'g', 'i', 'a', 'n', ' ', '9', 'h', '0', '0', ' ', 'n', 'g', 'y', ' ', '2', '7', '0', '9', '2', '0', '2', '4', ' ', 'ƒë', '·ªã', 'a', '_', 'ƒë', 'i', '·ªÉ', 'm', ' ', 'h', '·ªç', 'c', '_', 'v', 'i', '·ªá', 'n', ' ', 'c', '√¥', 'n', 'g', '_', 'n', 'g', 'h', '·ªá', ' ', 'b', 'u', '_', 'c', 'h', '√≠', 'n', 'h', ' ', 'v', 'i', '·ªÖ', 'n', ' ', 't', 'h', '√¥', 'n', 'g', 'l', 'i', 'n', 'k', ' ', 'ƒë', 'ƒÉ', 'n', 'g', '_', 'k', ' ', 't', 'h', 'a', 'm', '_', 'g', 'i', 'a', ' ', 'b', '·∫£', 'i', ' ', 'g', 'i', '·∫£', 'n', 'g', ' ', 'm', ' ', 'h', 't', 't', 'p', 's', 'b', 'i', 't', 'l', 'y', '3', 'a', 'w', 'x', 's', 'c', 'v', ' ', 't', 'r', 'u', 'n', 'g', '_', 't', '√¢', 'm', ' ', 'ƒë', 'o', '_', 't', 'o', ' ', 'q', 'u', '·ªë', 'c', '_', 't', '·∫ø', ' ', 'h', '·ªç', 'c', '_', 'v', 'i', '·ªá', 'n', ' ', 'c', '√¥', 'n', 'g', '_', 'n', 'g', 'h', '·ªá', ' ', 'b', 'u', '_', 'c', 'h', '√≠', 'n', 'h', ' ', 'v', 'i', '·ªÖ', 'n', '_', 't', 'h', '√¥', 'n', 'g', ' ', 'h', 'o', 't', 'l', 'i', 'n', 'e', ' ', '0', '8', '8', '6', '1', '6', '0', '6', '0', '6', ' ', 'f', 'a', 'n', 'p', 'a', 'g', 'e', ' ', 'h', 't', 't', 'p', 's', 'w', 'w', 'w', 'f', 'a', 'c', 'e', 'b', 'o', 'o', 'k', 'c', 'o', 'm', 'p', 't', 'i', 't', 'c', 'i', 'e', ' ', 'c', 'l', 'c', ' ', 'p', 't', 'i', 't', ' ', 'h', 't', 't', 'p', 's', 'c', 'l', 'c', 'p', 't', 'i', 't', 'e', 'd', 'u', 'v', 'n', ' ', 'w', 'e', 'b', 's', 'i', 't', 'e', ' ', 'h', 't', 't', 'p', 's', 'p', 'o', 'r', 't', 'a', 'l', 'p', 't', 'i', 't', 'e', 'd', 'u', 'v', 'n', ' ', 'h', 't', 't', 'p', 's', 'c', 'i', 'e', 'p', 't', 'i', 't', 'e', 'd', 'u', 'v', 'n', ' ', 'c', 'n', 't', 't', ' ', 'v', 'i', '·ªá', 't', ' ', 'n', 'h', '·∫≠', 't', ' ', 'h', 't', 't', 'p', 's', 'v', 'j', 'i', 'p', 'p', 't', 'i', 't', 'e', 'd', 'u', 'v', 'n', ' ', 'z', 'a', 'l', 'o', ' ', 't', 'r', 'u', 'n', 'g', '_', 't', '√¢', 'm', ' ', 'ƒë', 'o', '_', 't', 'o', ' ', 'q', 'u', '·ªë', 'c', '_', 't', '·∫ø', ' ', 'i', 'd', ' ', '9', '2', '5', '3', '6', '0', '0', '7', '8', '7', '3', '5', '8', '3', '7', '1', '6', '1']"
https://www.facebook.com/share/p/wnzpLB2yf5wK1zZn/,time break at ptit yagi sao ƒë·ªç ƒë∆∞·ª£c v·ªõi tinh_th·∫ßn ptiters trung_t√¢m ƒë√†o_t·∫°o qu·ªëc_t·∫ø h·ªçc_vi·ªán c√¥ng_ngh·ªá b∆∞u_ch√≠nh vi·ªÖn_th√¥ng hotline 0886160606 fanpage httpswwwfacebookcomptitcie clc ptit httpsclcptiteduvn website httpsportalptiteduvn httpscieptiteduvn cntt vi·ªát nh·∫≠t httpsvjipptiteduvn zalo trung_t√¢m ƒë√†o_t·∫°o qu·ªëc_t·∫ø id 925360078735837161,"['t', 'i', 'm', 'e', ' ', 'b', 'r', 'e', 'a', 'k', ' ', 'a', 't', ' ', 'p', 't', 'i', 't', ' ', 'y', 'a', 'g', 'i', ' ', 's', 'a', 'o', ' ', 'ƒë', '·ªç', ' ', 'ƒë', '·ª£', 'c', ' ', 'v', 'i', ' ', 't', 'i', 'n', 'h', '_', 't', 'h', '·∫ß', 'n', ' ', 'p', 't', 'i', 't', 'e', 'r', 's', ' ', 't', 'r', 'u', 'n', 'g', '_', 't', '√¢', 'm', ' ', 'ƒë', 'o', '_', 't', 'o', ' ', 'q', 'u', '·ªë', 'c', '_', 't', '·∫ø', ' ', 'h', '·ªç', 'c', '_', 'v', 'i', '·ªá', 'n', ' ', 'c', '√¥', 'n', 'g', '_', 'n', 'g', 'h', '·ªá', ' ', 'b', 'u', '_', 'c', 'h', '√≠', 'n', 'h', ' ', 'v', 'i', '·ªÖ', 'n', '_', 't', 'h', '√¥', 'n', 'g', ' ', 'h', 'o', 't', 'l', 'i', 'n', 'e', ' ', '0', '8', '8', '6', '1', '6', '0', '6', '0', '6', ' ', 'f', 'a', 'n', 'p', 'a', 'g', 'e', ' ', 'h', 't', 't', 'p', 's', 'w', 'w', 'w', 'f', 'a', 'c', 'e', 'b', 'o', 'o', 'k', 'c', 'o', 'm', 'p', 't', 'i', 't', 'c', 'i', 'e', ' ', 'c', 'l', 'c', ' ', 'p', 't', 'i', 't', ' ', 'h', 't', 't', 'p', 's', 'c', 'l', 'c', 'p', 't', 'i', 't', 'e', 'd', 'u', 'v', 'n', ' ', 'w', 'e', 'b', 's', 'i', 't', 'e', ' ', 'h', 't', 't', 'p', 's', 'p', 'o', 'r', 't', 'a', 'l', 'p', 't', 'i', 't', 'e', 'd', 'u', 'v', 'n', ' ', 'h', 't', 't', 'p', 's', 'c', 'i', 'e', 'p', 't', 'i', 't', 'e', 'd', 'u', 'v', 'n', ' ', 'c', 'n', 't', 't', ' ', 'v', 'i', '·ªá', 't', ' ', 'n', 'h', '·∫≠', 't', ' ', 'h', 't', 't', 'p', 's', 'v', 'j', 'i', 'p', 'p', 't', 'i', 't', 'e', 'd', 'u', 'v', 'n', ' ', 'z', 'a', 'l', 'o', ' ', 't', 'r', 'u', 'n', 'g', '_', 't', '√¢', 'm', ' ', 'ƒë', 'o', '_', 't', 'o', ' ', 'q', 'u', '·ªë', 'c', '_', 't', '·∫ø', ' ', 'i', 'd', ' ', '9', '2', '5', '3', '6', '0', '0', '7', '8', '7', '3', '5', '8', '3', '7', '1', '6', '1']"
https://www.facebook.com/share/p/keC95PmXCyURGevE/,fine,"['f', 'i', 'n', 'e']"
https://www.facebook.com/share/p/UeahfB4gHWL5TUHS/,content not found,"['c', 'o', 'n', 't', 'e', 'n', 't', ' ', 'n', 'o', 't', ' ', 'f', 'o', 'u', 'n', 'd']"
https://www.facebook.com/share/p/hos8M4d1pjeKojpz/,content not found,"['c', 'o', 'n', 't', 'e', 'n', 't', ' ', 'n', 'o', 't', ' ', 'f', 'o', 'u', 'n', 'd']"
https://www.facebook.com/share/p/Phk2NbAsWf5tjRR5/,th∆∞_vi·ªán ptit th√¥ng_b√°o b·∫Øt_ƒë·∫ßu_t·ª´ 04092024 ƒë·∫øn h·∫øt 28022025 th∆∞_vi·ªán t·ªï_ch·ª©c ph·ª•c_v·ª• ngo√†i gi·ªù t·ª´ th·ª© 2 ƒë·∫øn th·ª© 7 th·ªùi_gian c·ª•_th·ªÉ nh∆∞ sauth√°ng 9 10 11t·ª´ th·ª© 2 ƒë·∫øn th·ª© 6s√°ng 8h00 11h30chi·ªÅu 13h30 19hng√†y th·ª© 7s√°ng 8h00 11h30chi·ªÅu 13h30 17hth√°ng 122024 1 22025t·ª´ th·ª© 2 ƒë·∫øn th·ª© 6s√°ng 8h00 11h30chi·ªÅu 13h30 21hng√†y th·ª© 7s√°ng 8h00 11h30chi·ªÅu 13h30 17hm·ªçi th·∫Øc_m·∫Øc vui_l√≤ng li√™n_h·ªá fanpage httpswwwfacebookcomptitl email ilcptitgmailcom hotline 0396 462 781,"['t', 'h', '_', 'v', 'i', '·ªá', 'n', ' ', 'p', 't', 'i', 't', ' ', 't', 'h', '√¥', 'n', 'g', '_', 'b', 'o', ' ', 'b', '·∫Ø', 't', '_', 'ƒë', '·∫ß', 'u', '_', 't', ' ', '0', '4', '0', '9', '2', '0', '2', '4', ' ', 'ƒë', '·∫ø', 'n', ' ', 'h', '·∫ø', 't', ' ', '2', '8', '0', '2', '2', '0', '2', '5', ' ', 't', 'h', '_', 'v', 'i', '·ªá', 'n', ' ', 't', '·ªï', '_', 'c', 'h', '·ª©', 'c', ' ', 'p', 'h', '·ª•', 'c', '_', 'v', '·ª•', ' ', 'n', 'g', 'o', 'i', ' ', 'g', 'i', ' ', 't', ' ', 't', 'h', '·ª©', ' ', '2', ' ', 'ƒë', '·∫ø', 'n', ' ', 't', 'h', '·ª©', ' ', '7', ' ', 't', 'h', 'i', '_', 'g', 'i', 'a', 'n', ' ', 'c', '·ª•', '_', 't', 'h', '·ªÉ', ' ', 'n', 'h', ' ', 's', 'a', 'u', 't', 'h', 'n', 'g', ' ', '9', ' ', '1', '0', ' ', '1', '1', 't', ' ', 't', 'h', '·ª©', ' ', '2', ' ', 'ƒë', '·∫ø', 'n', ' ', 't', 'h', '·ª©', ' ', '6', 's', 'n', 'g', ' ', '8', 'h', '0', '0', ' ', '1', '1', 'h', '3', '0', 'c', 'h', 'i', '·ªÅ', 'u', ' ', '1', '3', 'h', '3', '0', ' ', '1', '9', 'h', 'n', 'g', 'y', ' ', 't', 'h', '·ª©', ' ', '7', 's', 'n', 'g', ' ', '8', 'h', '0', '0', ' ', '1', '1', 'h', '3', '0', 'c', 'h', 'i', '·ªÅ', 'u', ' ', '1', '3', 'h', '3', '0', ' ', '1', '7', 'h', 't', 'h', 'n', 'g', ' ', '1', '2', '2', '0', '2', '4', ' ', '1', ' ', '2', '2', '0', '2', '5', 't', ' ', 't', 'h', '·ª©', ' ', '2', ' ', 'ƒë', '·∫ø', 'n', ' ', 't', 'h', '·ª©', ' ', '6', 's', 'n', 'g', ' ', '8', 'h', '0', '0', ' ', '1', '1', 'h', '3', '0', 'c', 'h', 'i', '·ªÅ', 'u', ' ', '1', '3', 'h', '3', '0', ' ', '2', '1', 'h', 'n', 'g', 'y', ' ', 't', 'h', '·ª©', ' ', '7', 's', 'n', 'g', ' ', '8', 'h', '0', '0', ' ', '1', '1', 'h', '3', '0', 'c', 'h', 'i', '·ªÅ', 'u', ' ', '1', '3', 'h', '3', '0', ' ', '1', '7', 'h', 'm', '·ªç', 'i', ' ', 't', 'h', '·∫Ø', 'c', '_', 'm', '·∫Ø', 'c', ' ', 'v', 'u', 'i', '_', 'l', '√≤', 'n', 'g', ' ', 'l', 'i', '√™', 'n', '_', 'h', '·ªá', ' ', 'f', 'a', 'n', 'p', 'a', 'g', 'e', ' ', 'h', 't', 't', 'p', 's', 'w', 'w', 'w', 'f', 'a', 'c', 'e', 'b', 'o', 'o', 'k', 'c', 'o', 'm', 'p', 't', 'i', 't', 'l', ' ', 'e', 'm', 'a', 'i', 'l', ' ', 'i', 'l', 'c', 'p', 't', 'i', 't', 'g', 'm', 'a', 'i', 'l', 'c', 'o', 'm', ' ', 'h', 'o', 't', 'l', 'i', 'n', 'e', ' ', '0', '3', '9', '6', ' ', '4', '6', '2', ' ', '7', '8', '1']"
https://www.facebook.com/share/p/21YVwWWCs82ACpCA/,ƒëo√†n b·ªô th√¥ng_tin v√† truy·ªÅn_th√¥ng ƒëo√†n thanh_ni√™n h·ªçc_vi·ªán c√¥ng_ngh·ªá b∆∞u_ch√≠nh vi·ªÖn_th√¥ng b·ªôi_thu t·∫°i l·ªÖ trao gi·∫£i cu·ªôc thi s√°ng_t√°c c√°c s·∫£n_ph·∫©m truy·ªÅn_th√¥ng v·ªÅ b·∫£o_v·ªá n·ªÅn_t·∫£ng t∆∞_t∆∞·ªüng c·ªßa ƒë·∫£ng l·∫ßn th·ª© l·∫ßn th·ª© 2 nƒÉm 2024 thi·∫øt_th·ª±c k·ª∑_ni·ªám 79 nƒÉm c√°ch_m·∫°ng th√°ng t√°m th√†nh_c√¥ng 1981945 1982024 v√† qu·ªëc_kh√°nh n∆∞·ªõc c·ªông_h√≤a x√£_h·ªôi ch·ªß_nghƒ©a vi·ªát nam 0291945 0292024 k·ª∑_ni·ªám 55 nƒÉm th·ª±c_hi·ªán di_ch√∫c c·ªßa ch·ªß_t·ªãch h·ªì ch√≠ minh 1969 2024 chi·ªÅu ng√†y 288 t·∫°i nh√†_h√°t k·ªãch vi·ªát nam ban th∆∞·ªùng_v·ª• ƒëo√†n kh·ªëi t·ªï_ch·ª©c ch∆∞∆°ng_tr√¨nh sinh_ho·∫°t ch√≠nh_tr·ªã nh·ªõ v·ªÅ b√°c l√≤ng ta trong_s√°ng h∆°n trao gi·∫£i cu·ªôc thi s√°ng_t√°c s·∫£n_ph·∫©m truy·ªÅn_th√¥ng v·ªÅ b·∫£o_v·ªá n·ªÅn_t·∫£ng t∆∞_t∆∞·ªüng c·ªßa ƒë·∫£ng l·∫ßn th·ª© hai nƒÉm 2024 cu·ªôc thi s√°ng_t√°c s·∫£n_ph·∫©m truy·ªÅn_th√¥ng v·ªÅ b·∫£o_v·ªá n·ªÅn_t·∫£ng t∆∞_t∆∞·ªüng c·ªßa ƒë·∫£ng do ƒëo√†n kh·ªëi c√°c c∆°_quan trung_∆∞∆°ng t·ªï_ch·ª©c l·∫ßn ƒë·∫ßu_ti√™n v√†o nƒÉm 2023 v·ªõi m·ª•c_ƒë√≠ch ti·∫øp_t·ª•c kh·∫≥ng_ƒë·ªãnh vai_tr√≤ quan_tr·ªçng c·ªßa c√¥ng_t√°c b·∫£o_v·ªá n·ªÅn_t·∫£ng t∆∞_t∆∞·ªüng c·ªßa ƒë·∫£ng ƒë·∫•u_tranh ph·∫£n_b√°c c√°c quan_ƒëi·ªÉm sai_tr√°i th√π_ƒë·ªãch trong t√¨nh_h√¨nh m·ªõi t·ª´ ƒë√≥ g√≥p_ph·∫ßn n√¢ng cao nh·∫≠n_th·ª©c tr√°ch_nhi·ªám h√†nh_ƒë·ªông c·ªßa t·ªï_ch·ª©c ƒëo√†n ƒëo√†n_vi√™n thanh_ni√™n trong kh·ªëi v·ªõi nhi·ªám_v·ª• b·∫£o_v·ªá n·ªÅn_t·∫£ng t∆∞_t∆∞·ªüng c·ªßa ƒë·∫£ngc≈©ng trong bu·ªïi l·ªÖ n√†y ƒëo√†n thanh_ni√™n h·ªçc_vi·ªán c√¥ng_ngh·ªá b∆∞u_ch√≠nh vi·ªÖn_th√¥ng_ƒë·ªìng_h√†nh c√πng ƒëo√†n b·ªô th√¥ng_tin v√† truy·ªÅn_th√¥ng vinh_d·ª± nh·∫≠n 03 gi·∫£i_th∆∞·ªüng 1 gi·∫£i nh·∫•t th·ªÉ_lo·∫°i infographic thu·ªôc v·ªÅ nh√≥m t√°c_gi·∫£ chung h·∫£i b·∫±ng nguy·ªÖn ƒë√¨nh s∆°n ƒëinh th·ªã di·ªÖm qu·ª≥nh ƒëo√†n b·ªô th√¥ng_tin v√† truy·ªÅn_th√¥ng v·ªõi t√°c_ph·∫©m n√≥i kh√¥ng v·ªõi fake news1 gi·∫£i khuy·∫øn_kh√≠ch th·ªÉ_lo·∫°i infographic 5 ch·ªëng v√† 5 n√™n b·∫£o_v·ªá n·ªÅn_t·∫£ng t∆∞_t∆∞·ªüng c·ªßa ƒë·∫£ng thu·ªôc v·ªÅ nh√≥m t√°c_gi·∫£ tr·∫ßn ph∆∞∆°ng th·∫£o kh·ªïng th·ªã qu·ª≥nh nga ƒëo√†n h·ªçc_vi·ªán c√¥ng_ngh·ªá b∆∞u_ch√≠nh vi·ªÖn_th√¥ng ƒëo√†n b·ªô th√¥ng_tin v√† truy·ªÅn_th√¥ng 1 gi·∫£i khuy·∫øn_kh√≠ch th·ªÉ_lo·∫°i video fake news k·∫ª_th√π c·ªßa ng∆∞·ªùi tr·∫ª trong c√¥ng_t√°c b·∫£o_v·ªá n·ªÅn_t·∫£ng t∆∞_t∆∞·ªüng c·ªßa ƒë·∫£ng thu·ªôc v·ªÅ t√°c_gi·∫£ ƒëinh th·ªã di·ªÖm qu·ª≥nh ƒëo√†n h·ªçc_vi·ªán c√¥ng_ngh·ªá b∆∞u_ch√≠nh vi·ªÖn_th√¥ng ƒëo√†n b·ªô th√¥ng_tin v√† truy·ªÅn th√¥ngƒëo√†n thanh_ni√™n h·ªçc_vi·ªán c√¥ng_ngh·ªá b∆∞u_ch√≠nh vi·ªÖn_th√¥ng v√† ƒëo√†n b·ªô th√¥ng_tin v√† truy·ªÅn_th√¥ng ƒë√£ kh·∫≥ng_ƒë·ªãnh ƒë∆∞·ª£c tinh_th·∫ßn s√°ng_t·∫°o ti√™n_phong v√† tr√°ch_nhi·ªám trong c√¥ng_t√°c b·∫£o_v·ªá n·ªÅn_t·∫£ng t∆∞_t∆∞·ªüng c·ªßa ƒë·∫£ng qua c√°c s·∫£n_ph·∫©m truy·ªÅn_th√¥ng ch·∫•t_l∆∞·ª£ng v√† √Ω_nghƒ©a nh·ªØng gi·∫£i_th∆∞·ªüng n√†y kh√¥ng ch·ªâ l√† ni·ªÅm t·ª±_h√†o m√† c√≤n l√† minh ch·ª©ng r√µ n√©t cho s·ª± n·ªó_l·ª±c c·ªë_g·∫Øng v√† l√≤ng nhi·ªát_huy·∫øt c·ªßa tu·ªïi_tr·∫ª trong vi·ªác lan_t·ªèa c√°c gi√°_tr·ªã t·ªët_ƒë·∫πp ƒë·∫•u_tranh ch·ªëng l·∫°i c√°c lu·∫≠n_ƒëi·ªáu sai_tr√°i th√π ƒë·ªãchv·ªõi tinh_th·∫ßn kh√°t_v·ªçng ti√™n_phong ƒëo√†n_k·∫øt b·∫£n_lƒ©nh s√°ng_t·∫°o tu·ªïi_tr·∫ª h·ªçc_vi·ªán c√¥ng_ngh·ªá b∆∞u_ch√≠nh vi·ªÖn_th√¥ng s·∫Ω ti·∫øp_t·ª•c ph√°t_huy kh√¥ng ng·ª´ng n·ªó_l·ª±c ƒë·ªÉ t·∫°o ra nhi·ªÅu h∆°n n·ªØa nh·ªØng s·∫£n_ph·∫©m truy·ªÅn_th√¥ng ch·∫•t_l∆∞·ª£ng g√≥p_ph·∫ßn b·∫£o_v·ªá v√† ph√°t_tri·ªÉn n·ªÅn_t·∫£ng t∆∞_t∆∞·ªüng c·ªßa ƒë·∫£ng trong th·ªùi_k·ª≥ m·ªõi m·ªôt l·∫ßn n·ªØa xin ch√∫c_m·ª´ng c√°c b·∫°n,"['ƒë', 'o', 'n', ' ', 'b', '·ªô', ' ', 't', 'h', '√¥', 'n', 'g', '_', 't', 'i', 'n', ' ', 'v', ' ', 't', 'r', 'u', 'y', '·ªÅ', 'n', '_', 't', 'h', '√¥', 'n', 'g', ' ', 'ƒë', 'o', 'n', ' ', 't', 'h', 'a', 'n', 'h', '_', 'n', 'i', '√™', 'n', ' ', 'h', '·ªç', 'c', '_', 'v', 'i', '·ªá', 'n', ' ', 'c', '√¥', 'n', 'g', '_', 'n', 'g', 'h', '·ªá', ' ', 'b', 'u', '_', 'c', 'h', '√≠', 'n', 'h', ' ', 'v', 'i', '·ªÖ', 'n', '_', 't', 'h', '√¥', 'n', 'g', ' ', 'b', '·ªô', 'i', '_', 't', 'h', 'u', ' ', 't', 'i', ' ', 'l', '·ªÖ', ' ', 't', 'r', 'a', 'o', ' ', 'g', 'i', '·∫£', 'i', ' ', 'c', 'u', '·ªô', 'c', ' ', 't', 'h', 'i', ' ', 's', 'n', 'g', '_', 't', 'c', ' ', 'c', 'c', ' ', 's', '·∫£', 'n', '_', 'p', 'h', '·∫©', 'm', ' ', 't', 'r', 'u', 'y', '·ªÅ', 'n', '_', 't', 'h', '√¥', 'n', 'g', ' ', 'v', '·ªÅ', ' ', 'b', '·∫£', 'o', '_', 'v', '·ªá', ' ', 'n', '·ªÅ', 'n', '_', 't', '·∫£', 'n', 'g', ' ', 't', '_', 't', 'n', 'g', ' ', 'c', '·ªß', 'a', ' ', 'ƒë', '·∫£', 'n', 'g', ' ', 'l', '·∫ß', 'n', ' ', 't', 'h', '·ª©', ' ', 'l', '·∫ß', 'n', ' ', 't', 'h', '·ª©', ' ', '2', ' ', 'n', 'ƒÉ', 'm', ' ', '2', '0', '2', '4', ' ', 't', 'h', 'i', '·∫ø', 't', '_', 't', 'h', '·ª±', 'c', ' ', 'k', '·ª∑', '_', 'n', 'i', '·ªá', 'm', ' ', '7', '9', ' ', 'n', 'ƒÉ', 'm', ' ', 'c', 'c', 'h', '_', 'm', 'n', 'g', ' ', 't', 'h', 'n', 'g', ' ', 't', 'm', ' ', 't', 'h', 'n', 'h', '_', 'c', '√¥', 'n', 'g', ' ', '1', '9', '8', '1', '9', '4', '5', ' ', '1', '9', '8', '2', '0', '2', '4', ' ', 'v', ' ', 'q', 'u', '·ªë', 'c', '_', 'k', 'h', 'n', 'h', ' ', 'n', 'c', ' ', 'c', '·ªô', 'n', 'g', '_', 'h', '√≤', 'a', ' ', 'x', '√£', '_', 'h', '·ªô', 'i', ' ', 'c', 'h', '·ªß', '_', 'n', 'g', 'h', 'ƒ©', 'a', ' ', 'v', 'i', '·ªá', 't', ' ', 'n', 'a', 'm', ' ', '0', '2', '9', '1', '9', '4', '5', ' ', '0', '2', '9', '2', '0', '2', '4', ' ', 'k', '·ª∑', '_', 'n', 'i', '·ªá', 'm', ' ', '5', '5', ' ', 'n', 'ƒÉ', 'm', ' ', 't', 'h', '·ª±', 'c', '_', 'h', 'i', '·ªá', 'n', ' ', 'd', 'i', '_', 'c', 'h', '√∫', 'c', ' ', 'c', '·ªß', 'a', ' ', 'c', 'h', '·ªß', '_', 't', '·ªã', 'c', 'h', ' ', 'h', ' ', 'c', 'h', '√≠', ' ', 'm', 'i', 'n', 'h', ' ', '1', '9', '6', '9', ' ', '2', '0', '2', '4', ' ', 'c', 'h', 'i', '·ªÅ', 'u', ' ', 'n', 'g', 'y', ' ', '2', '8', '8', ' ', 't', 'i', ' ', 'n', 'h', '_', 'h', 't', ' ', 'k', '·ªã', 'c', 'h', ' ', 'v', 'i', '·ªá', 't', ' ', 'n', 'a', 'm', ' ', 'b', 'a', 'n', ' ', 't', 'h', 'n', 'g', '_', 'v', '·ª•', ' ', 'ƒë', 'o', 'n', ' ', 'k', 'h', '·ªë', 'i', ' ', 't', '·ªï', '_', 'c', 'h', '·ª©', 'c', ' ', 'c', 'h', 'n', 'g', '_', 't', 'r', '√¨', 'n', 'h', ' ', 's', 'i', 'n', 'h', '_', 'h', 'o', 't', ' ', 'c', 'h', '√≠', 'n', 'h', '_', 't', 'r', '·ªã', ' ', 'n', 'h', ' ', 'v', '·ªÅ', ' ', 'b', 'c', ' ', 'l', '√≤', 'n', 'g', ' ', 't', 'a', ' ', 't', 'r', 'o', 'n', 'g', '_', 's', 'n', 'g', ' ', 'h', 'n', ' ', 't', 'r', 'a', 'o', ' ', 'g', 'i', '·∫£', 'i', ' ', 'c', 'u', '·ªô', 'c', ' ', 't', 'h', 'i', ' ', 's', 'n', 'g', '_', 't', 'c', ' ', 's', '·∫£', 'n', '_', 'p', 'h', '·∫©', 'm', ' ', 't', 'r', 'u', 'y', '·ªÅ', 'n', '_', 't', 'h', '√¥', 'n', 'g', ' ', 'v', '·ªÅ', ' ', 'b', '·∫£', 'o', '_', 'v', '·ªá', ' ', 'n', '·ªÅ', 'n', '_', 't', '·∫£', 'n', 'g', ' ', 't', '_', 't', 'n', 'g', ' ', 'c', '·ªß', 'a', ' ', 'ƒë', '·∫£', 'n', 'g', ' ', 'l', '·∫ß', 'n', ' ', 't', 'h', '·ª©', ' ', 'h', 'a', 'i', ' ', 'n', 'ƒÉ', 'm', ' ', '2', '0', '2', '4', ' ', 'c', 'u', '·ªô', 'c', ' ', 't', 'h', 'i', ' ', 's', 'n', 'g', '_', 't', 'c', ' ', 's', '·∫£', 'n', '_', 'p', 'h', '·∫©', 'm', ' ', 't', 'r', 'u', 'y', '·ªÅ', 'n', '_', 't', 'h', '√¥', 'n', 'g', ' ', 'v', '·ªÅ', ' ', 'b', '·∫£', 'o', '_', 'v', '·ªá', ' ', 'n', '·ªÅ', 'n', '_', 't', '·∫£', 'n', 'g', ' ', 't', '_', 't', 'n', 'g', ' ', 'c', '·ªß', 'a', ' ', 'ƒë', '·∫£', 'n', 'g', ' ', 'd', 'o', ' ', 'ƒë', 'o', 'n', ' ', 'k', 'h', '·ªë', 'i', ' ', 'c', 'c', ' ', 'c', '_', 'q', 'u', 'a', 'n', ' ', 't', 'r', 'u', 'n', 'g', '_', 'n', 'g', ' ', 't', '·ªï', '_', 'c', 'h', '·ª©', 'c', ' ', 'l', '·∫ß', 'n', ' ', 'ƒë', '·∫ß', 'u', '_', 't', 'i', '√™', 'n', ' ', 'v', 'o', ' ', 'n', 'ƒÉ', 'm', ' ', '2', '0', '2', '3', ' ', 'v', 'i', ' ', 'm', '·ª•', 'c', '_', 'ƒë', '√≠', 'c', 'h', ' ', 't', 'i', '·∫ø', 'p', '_', 't', '·ª•', 'c', ' ', 'k', 'h', '·∫≥', 'n', 'g', '_', 'ƒë', '·ªã', 'n', 'h', ' ', 'v', 'a', 'i', '_', 't', 'r', '√≤', ' ', 'q', 'u', 'a', 'n', '_', 't', 'r', '·ªç', 'n', 'g', ' ', 'c', '·ªß', 'a', ' ', 'c', '√¥', 'n', 'g', '_', 't', 'c', ' ', 'b', '·∫£', 'o', '_', 'v', '·ªá', ' ', 'n', '·ªÅ', 'n', '_', 't', '·∫£', 'n', 'g', ' ', 't', '_', 't', 'n', 'g', ' ', 'c', '·ªß', 'a', ' ', 'ƒë', '·∫£', 'n', 'g', ' ', 'ƒë', '·∫•', 'u', '_', 't', 'r', 'a', 'n', 'h', ' ', 'p', 'h', '·∫£', 'n', '_', 'b', 'c', ' ', 'c', 'c', ' ', 'q', 'u', 'a', 'n', '_', 'ƒë', 'i', '·ªÉ', 'm', ' ', 's', 'a', 'i', '_', 't', 'r', 'i', ' ', 't', 'h', '√π', '_', 'ƒë', '·ªã', 'c', 'h', ' ', 't', 'r', 'o', 'n', 'g', ' ', 't', '√¨', 'n', 'h', '_', 'h', '√¨', 'n', 'h', ' ', 'm', 'i', ' ', 't', ' ', 'ƒë', '√≥', ' ', 'g', '√≥', 'p', '_', 'p', 'h', '·∫ß', 'n', ' ', 'n', '√¢', 'n', 'g', ' ', 'c', 'a', 'o', ' ', 'n', 'h', '·∫≠', 'n', '_', 't', 'h', '·ª©', 'c', ' ', 't', 'r', 'c', 'h', '_', 'n', 'h', 'i', '·ªá', 'm', ' ', 'h', 'n', 'h', '_', 'ƒë', '·ªô', 'n', 'g', ' ', 'c', '·ªß', 'a', ' ', 't', '·ªï', '_', 'c', 'h', '·ª©', 'c', ' ', 'ƒë', 'o', 'n', ' ', 'ƒë', 'o', 'n', '_', 'v', 'i', '√™', 'n', ' ', 't', 'h', 'a', 'n', 'h', '_', 'n', 'i', '√™', 'n', ' ', 't', 'r', 'o', 'n', 'g', ' ', 'k', 'h', '·ªë', 'i', ' ', 'v', 'i', ' ', 'n', 'h', 'i', '·ªá', 'm', '_', 'v', '·ª•', ' ', 'b', '·∫£', 'o', '_', 'v', '·ªá', ' ', 'n', '·ªÅ', 'n', '_', 't', '·∫£', 'n', 'g', ' ', 't', '_', 't', 'n', 'g', ' ', 'c', '·ªß', 'a', ' ', 'ƒë', '·∫£', 'n', 'g', 'c', '≈©', 'n', 'g', ' ', 't', 'r', 'o', 'n', 'g', ' ', 'b', 'u', '·ªï', 'i', ' ', 'l', '·ªÖ', ' ', 'n', 'y', ' ', 'ƒë', 'o', 'n', ' ', 't', 'h', 'a', 'n', 'h', '_', 'n', 'i', '√™', 'n', ' ', 'h', '·ªç', 'c', '_', 'v', 'i', '·ªá', 'n', ' ', 'c', '√¥', 'n', 'g', '_', 'n', 'g', 'h', '·ªá', ' ', 'b', 'u', '_', 'c', 'h', '√≠', 'n', 'h', ' ', 'v', 'i', '·ªÖ', 'n', '_', 't', 'h', '√¥', 'n', 'g', '_', 'ƒë', 'n', 'g', '_', 'h', 'n', 'h', ' ', 'c', '√π', 'n', 'g', ' ', 'ƒë', 'o', 'n', ' ', 'b', '·ªô', ' ', 't', 'h', '√¥', 'n', 'g', '_', 't', 'i', 'n', ' ', 'v', ' ', 't', 'r', 'u', 'y', '·ªÅ', 'n', '_', 't', 'h', '√¥', 'n', 'g', ' ', 'v', 'i', 'n', 'h', '_', 'd', '·ª±', ' ', 'n', 'h', '·∫≠', 'n', ' ', '0', '3', ' ', 'g', 'i', '·∫£', 'i', '_', 't', 'h', 'n', 'g', ' ', '1', ' ', 'g', 'i', '·∫£', 'i', ' ', 'n', 'h', '·∫•', 't', ' ', 't', 'h', '·ªÉ', '_', 'l', 'o', 'i', ' ', 'i', 'n', 'f', 'o', 'g', 'r', 'a', 'p', 'h', 'i', 'c', ' ', 't', 'h', 'u', '·ªô', 'c', ' ', 'v', '·ªÅ', ' ', 'n', 'h', '√≥', 'm', ' ', 't', 'c', '_', 'g', 'i', '·∫£', ' ', 'c', 'h', 'u', 'n', 'g', ' ', 'h', '·∫£', 'i', ' ', 'b', '·∫±', 'n', 'g', ' ', 'n', 'g', 'u', 'y', '·ªÖ', 'n', ' ', 'ƒë', '√¨', 'n', 'h', ' ', 's', 'n', ' ', 'ƒë', 'i', 'n', 'h', ' ', 't', 'h', '·ªã', ' ', 'd', 'i', '·ªÖ', 'm', ' ', 'q', 'u', '·ª≥', 'n', 'h', ' ', 'ƒë', 'o', 'n', ' ', 'b', '·ªô', ' ', 't', 'h', '√¥', 'n', 'g', '_', 't', 'i', 'n', ' ', 'v', ' ', 't', 'r', 'u', 'y', '·ªÅ', 'n', '_', 't', 'h', '√¥', 'n', 'g', ' ', 'v', 'i', ' ', 't', 'c', '_', 'p', 'h', '·∫©', 'm', ' ', 'n', '√≥', 'i', ' ', 'k', 'h', '√¥', 'n', 'g', ' ', 'v', 'i', ' ', 'f', 'a', 'k', 'e', ' ', 'n', 'e', 'w', 's', '1', ' ', 'g', 'i', '·∫£', 'i', ' ', 'k', 'h', 'u', 'y', '·∫ø', 'n', '_', 'k', 'h', '√≠', 'c', 'h', ' ', 't', 'h', '·ªÉ', '_', 'l', 'o', 'i', ' ', 'i', 'n', 'f', 'o', 'g', 'r', 'a', 'p', 'h', 'i', 'c', ' ', '5', ' ', 'c', 'h', '·ªë', 'n', 'g', ' ', 'v', ' ', '5', ' ', 'n', '√™', 'n', ' ', 'b', '·∫£', 'o', '_', 'v', '·ªá', ' ', 'n', '·ªÅ', 'n', '_', 't', '·∫£', 'n', 'g', ' ', 't', '_', 't', 'n', 'g', ' ', 'c', '·ªß', 'a', ' ', 'ƒë', '·∫£', 'n', 'g', ' ', 't', 'h', 'u', '·ªô', 'c', ' ', 'v', '·ªÅ', ' ', 'n', 'h', '√≥', 'm', ' ', 't', 'c', '_', 'g', 'i', '·∫£', ' ', 't', 'r', '·∫ß', 'n', ' ', 'p', 'h', 'n', 'g', ' ', 't', 'h', '·∫£', 'o', ' ', 'k', 'h', '·ªï', 'n', 'g', ' ', 't', 'h', '·ªã', ' ', 'q', 'u', '·ª≥', 'n', 'h', ' ', 'n', 'g', 'a', ' ', 'ƒë', 'o', 'n', ' ', 'h', '·ªç', 'c', '_', 'v', 'i', '·ªá', 'n', ' ', 'c', '√¥', 'n', 'g', '_', 'n', 'g', 'h', '·ªá', ' ', 'b', 'u', '_', 'c', 'h', '√≠', 'n', 'h', ' ', 'v', 'i', '·ªÖ', 'n', '_', 't', 'h', '√¥', 'n', 'g', ' ', 'ƒë', 'o', 'n', ' ', 'b', '·ªô', ' ', 't', 'h', '√¥', 'n', 'g', '_', 't', 'i', 'n', ' ', 'v', ' ', 't', 'r', 'u', 'y', '·ªÅ', 'n', '_', 't', 'h', '√¥', 'n', 'g', ' ', '1', ' ', 'g', 'i', '·∫£', 'i', ' ', 'k', 'h', 'u', 'y', '·∫ø', 'n', '_', 'k', 'h', '√≠', 'c', 'h', ' ', 't', 'h', '·ªÉ', '_', 'l', 'o', 'i', ' ', 'v', 'i', 'd', 'e', 'o', ' ', 'f', 'a', 'k', 'e', ' ', 'n', 'e', 'w', 's', ' ', 'k', '·∫ª', '_', 't', 'h', '√π', ' ', 'c', '·ªß', 'a', ' ', 'n', 'g', 'i', ' ', 't', 'r', '·∫ª', ' ', 't', 'r', 'o', 'n', 'g', ' ', 'c', '√¥', 'n', 'g', '_', 't', 'c', ' ', 'b', '·∫£', 'o', '_', 'v', '·ªá', ' ', 'n', '·ªÅ', 'n', '_', 't', '·∫£', 'n', 'g', ' ', 't', '_', 't', 'n', 'g', ' ', 'c', '·ªß', 'a', ' ', 'ƒë', '·∫£', 'n', 'g', ' ', 't', 'h', 'u', '·ªô', 'c', ' ', 'v', '·ªÅ', ' ', 't', 'c', '_', 'g', 'i', '·∫£', ' ', 'ƒë', 'i', 'n', 'h', ' ', 't', 'h', '·ªã', ' ', 'd', 'i', '·ªÖ', 'm', ' ', 'q', 'u', '·ª≥', 'n', 'h', ' ', 'ƒë', 'o', 'n', ' ', 'h', '·ªç', 'c', '_', 'v', 'i', '·ªá', 'n', ' ', 'c', '√¥', 'n', 'g', '_', 'n', 'g', 'h', '·ªá', ' ', 'b', 'u', '_', 'c', 'h', '√≠', 'n', 'h', ' ', 'v', 'i', '·ªÖ', 'n', '_', 't', 'h', '√¥', 'n', 'g', ' ', 'ƒë', 'o', 'n', ' ', 'b', '·ªô', ' ', 't', 'h', '√¥', 'n', 'g', '_', 't', 'i', 'n', ' ', 'v', ' ', 't', 'r', 'u', 'y', '·ªÅ', 'n', ' ', 't', 'h', '√¥', 'n', 'g', 'ƒë', 'o', 'n', ' ', 't', 'h', 'a', 'n', 'h', '_', 'n', 'i', '√™', 'n', ' ', 'h', '·ªç', 'c', '_', 'v', 'i', '·ªá', 'n', ' ', 'c', '√¥', 'n', 'g', '_', 'n', 'g', 'h', '·ªá', ' ', 'b', 'u', '_', 'c', 'h', '√≠', 'n', 'h', ' ', 'v', 'i', '·ªÖ', 'n', '_', 't', 'h', '√¥', 'n', 'g', ' ', 'v', ' ', 'ƒë', 'o', 'n', ' ', 'b', '·ªô', ' ', 't', 'h', '√¥', 'n', 'g', '_', 't', 'i', 'n', ' ', 'v', ' ', 't', 'r', 'u', 'y', '·ªÅ', 'n', '_', 't', 'h', '√¥', 'n', 'g', ' ', 'ƒë', '√£', ' ', 'k', 'h', '·∫≥', 'n', 'g', '_', 'ƒë', '·ªã', 'n', 'h', ' ', 'ƒë', '·ª£', 'c', ' ', 't', 'i', 'n', 'h', '_', 't', 'h', '·∫ß', 'n', ' ', 's', 'n', 'g', '_', 't', 'o', ' ', 't', 'i', '√™', 'n', '_', 'p', 'h', 'o', 'n', 'g', ' ', 'v', ' ', 't', 'r', 'c', 'h', '_', 'n', 'h', 'i', '·ªá', 'm', ' ', 't', 'r', 'o', 'n', 'g', ' ', 'c', '√¥', 'n', 'g', '_', 't', 'c', ' ', 'b', '·∫£', 'o', '_', 'v', '·ªá', ' ', 'n', '·ªÅ', 'n', '_', 't', '·∫£', 'n', 'g', ' ', 't', '_', 't', 'n', 'g', ' ', 'c', '·ªß', 'a', ' ', 'ƒë', '·∫£', 'n', 'g', ' ', 'q', 'u', 'a', ' ', 'c', 'c', ' ', 's', '·∫£', 'n', '_', 'p', 'h', '·∫©', 'm', ' ', 't', 'r', 'u', 'y', '·ªÅ', 'n', '_', 't', 'h', '√¥', 'n', 'g', ' ', 'c', 'h', '·∫•', 't', '_', 'l', '·ª£', 'n', 'g', ' ', 'v', ' ', '_', 'n', 'g', 'h', 'ƒ©', 'a', ' ', 'n', 'h', '·ªØ', 'n', 'g', ' ', 'g', 'i', '·∫£', 'i', '_', 't', 'h', 'n', 'g', ' ', 'n', 'y', ' ', 'k', 'h', '√¥', 'n', 'g', ' ', 'c', 'h', '·ªâ', ' ', 'l', ' ', 'n', 'i', '·ªÅ', 'm', ' ', 't', '·ª±', '_', 'h', 'o', ' ', 'm', ' ', 'c', '√≤', 'n', ' ', 'l', ' ', 'm', 'i', 'n', 'h', ' ', 'c', 'h', '·ª©', 'n', 'g', ' ', 'r', '√µ', ' ', 'n', '√©', 't', ' ', 'c', 'h', 'o', ' ', 's', '·ª±', ' ', 'n', '·ªó', '_', 'l', '·ª±', 'c', ' ', 'c', '·ªë', '_', 'g', '·∫Ø', 'n', 'g', ' ', 'v', ' ', 'l', '√≤', 'n', 'g', ' ', 'n', 'h', 'i', '·ªá', 't', '_', 'h', 'u', 'y', '·∫ø', 't', ' ', 'c', '·ªß', 'a', ' ', 't', 'u', '·ªï', 'i', '_', 't', 'r', '·∫ª', ' ', 't', 'r', 'o', 'n', 'g', ' ', 'v', 'i', '·ªá', 'c', ' ', 'l', 'a', 'n', '_', 't', '·ªè', 'a', ' ', 'c', 'c', ' ', 'g', 'i', '_', 't', 'r', '·ªã', ' ', 't', '·ªë', 't', '_', 'ƒë', '·∫π', 'p', ' ', 'ƒë', '·∫•', 'u', '_', 't', 'r', 'a', 'n', 'h', ' ', 'c', 'h', '·ªë', 'n', 'g', ' ', 'l', 'i', ' ', 'c', 'c', ' ', 'l', 'u', '·∫≠', 'n', '_', 'ƒë', 'i', '·ªá', 'u', ' ', 's', 'a', 'i', '_', 't', 'r', 'i', ' ', 't', 'h', '√π', ' ', 'ƒë', '·ªã', 'c', 'h', 'v', 'i', ' ', 't', 'i', 'n', 'h', '_', 't', 'h', '·∫ß', 'n', ' ', 'k', 'h', 't', '_', 'v', '·ªç', 'n', 'g', ' ', 't', 'i', '√™', 'n', '_', 'p', 'h', 'o', 'n', 'g', ' ', 'ƒë', 'o', 'n', '_', 'k', '·∫ø', 't', ' ', 'b', '·∫£', 'n', '_', 'l', 'ƒ©', 'n', 'h', ' ', 's', 'n', 'g', '_', 't', 'o', ' ', 't', 'u', '·ªï', 'i', '_', 't', 'r', '·∫ª', ' ', 'h', '·ªç', 'c', '_', 'v', 'i', '·ªá', 'n', ' ', 'c', '√¥', 'n', 'g', '_', 'n', 'g', 'h', '·ªá', ' ', 'b', 'u', '_', 'c', 'h', '√≠', 'n', 'h', ' ', 'v', 'i', '·ªÖ', 'n', '_', 't', 'h', '√¥', 'n', 'g', ' ', 's', '·∫Ω', ' ', 't', 'i', '·∫ø', 'p', '_', 't', '·ª•', 'c', ' ', 'p', 'h', 't', '_', 'h', 'u', 'y', ' ', 'k', 'h', '√¥', 'n', 'g', ' ', 'n', 'g', 'n', 'g', ' ', 'n', '·ªó', '_', 'l', '·ª±', 'c', ' ', 'ƒë', '·ªÉ', ' ', 't', 'o', ' ', 'r', 'a', ' ', 'n', 'h', 'i', '·ªÅ', 'u', ' ', 'h', 'n', ' ', 'n', '·ªØ', 'a', ' ', 'n', 'h', '·ªØ', 'n', 'g', ' ', 's', '·∫£', 'n', '_', 'p', 'h', '·∫©', 'm', ' ', 't', 'r', 'u', 'y', '·ªÅ', 'n', '_', 't', 'h', '√¥', 'n', 'g', ' ', 'c', 'h', '·∫•', 't', '_', 'l', '·ª£', 'n', 'g', ' ', 'g', '√≥', 'p', '_', 'p', 'h', '·∫ß', 'n', ' ', 'b', '·∫£', 'o', '_', 'v', '·ªá', ' ', 'v', ' ', 'p', 'h', 't', '_', 't', 'r', 'i', '·ªÉ', 'n', ' ', 'n', '·ªÅ', 'n', '_', 't', '·∫£', 'n', 'g', ' ', 't', '_', 't', 'n', 'g', ' ', 'c', '·ªß', 'a', ' ', 'ƒë', '·∫£', 'n', 'g', ' ', 't', 'r', 'o', 'n', 'g', ' ', 't', 'h', 'i', '_', 'k', '·ª≥', ' ', 'm', 'i', ' ', 'm', '·ªô', 't', ' ', 'l', '·∫ß', 'n', ' ', 'n', '·ªØ', 'a', ' ', 'x', 'i', 'n', ' ', 'c', 'h', '√∫', 'c', '_', 'm', 'n', 'g', ' ', 'c', 'c', ' ', 'b', 'n']"
https://www.facebook.com/share/p/nTwGB85tq32HibwY/,ƒë·∫°i_h·ªôi ƒë·∫°i_bi·ªÉu ƒëo√†n tncs h·ªì ch√≠ minh h·ªçc_vi·ªán c√¥ng_ngh·ªá b∆∞u_ch√≠nh vi·ªÖn_th√¥ng l·∫ßn th·ª© x nhi·ªám_k·ª≥ 2024 2027 chi·ªÅu ng√†y 248 v·ª´a_qua t·∫°i h·ªôi_tr∆∞·ªùng a2 h·ªçc_vi·ªán c√¥ng_ngh·ªá b∆∞u_ch√≠nh vi·ªÖn_th√¥ng ƒë√£ t·ªï_ch·ª©c th√†nh_c√¥ng ƒë·∫°i_h·ªôi ƒë·∫°i_bi·ªÉu ƒëo√†n tncs h·ªì ch√≠ minh l·∫ßn th·ª© x nhi·ªám_k·ª≥ 2024 2027 s·ª±_ki·ªán n√†y ƒë√°nh_d·∫•u m·ªôt c·ªôt m·ªëc quan_tr·ªçng trong s·ª± ph√°t_tri·ªÉn c·ªßa ƒëo√†n thanh_ni√™n h·ªçc_vi·ªán l√† d·ªãp ƒë·ªÉ nh√¨n l·∫°i nh·ªØng th√†nh_t·ª±u ƒë√£ ƒë·∫°t ƒë∆∞·ª£c v√† ƒë·ªÅ ra c√°c m·ª•c_ti√™u nhi·ªám_v·ª• m·ªõi cho t∆∞∆°ng_lai sau hai phi√™n l√†m_vi·ªác kh·∫©n_tr∆∞∆°ng nghi√™m_t√∫c v√† ƒë·∫ßy tinh_th·∫ßn tr√°ch_nhi·ªám ƒë·∫°i_h·ªôi ƒë√£ di·ªÖn ra th√†nh_c√¥ng t·ªët_ƒë·∫πp nh·∫≠n ƒë∆∞·ª£c s·ª± ƒë·ªìng thu·∫≠n cao t·ª´ c√°c ƒë·∫°i_bi·ªÉu tham_d·ª± cu·ªôc b·∫ßu_c·ª≠ di·ªÖn ra_c√¥ng_khai v√† minh_b·∫°ch v·ªõi s·ª± h∆∞·ªüng_·ª©ng nhi·ªát_t√¨nh c·ªßa t·∫•t_c·∫£ c√°c ƒë·∫°i_bi·ªÉu ƒë·ªìng_th·ªùi c≈©ng ƒë·∫°t ƒë∆∞·ª£c s·ª± nh·∫•t_tr√≠ v·ªÅ ph∆∞∆°ng_h∆∞·ªõng ho·∫°t_ƒë·ªông cho nhi·ªám_k·ª≥ m·ªõiƒë·∫°i h·ªôi ƒë√£ t·ªïng_k·∫øt l·∫°i nh·ªØng th√†nh_t·ª±u ƒë·∫°t ƒë∆∞·ª£c ƒë·ªìng_th·ªùi nh√¨n_nh·∫≠n nh·ªØng kh√≥_khƒÉn h·∫°n_ch·∫ø t·ª´ ƒë√≥ ƒë∆∞a ra ph∆∞∆°ng_h∆∞·ªõng k·∫ø_ho·∫°ch ho·∫°t_ƒë·ªông cho th·ªùi_gian s·∫Øp t·ªõi c≈©ng trong khu√¥n_kh·ªï ƒë·∫°i_h·ªôi c√°c ƒë·∫°i_bi·ªÉu ƒë√£ l·∫Øng_nghe v√† th·∫£o_lu·∫≠n nh·ªØng √Ω_ki·∫øn ƒë√≥ng_g√≥p quan_tr·ªçng gi√∫p n√¢ng cao h∆°n n·ªØa ch·∫•t_l∆∞·ª£ng c√¥ng_t√°c ƒëo√†n trong nhi·ªám_k·ª≥ m·ªõiƒë·∫°i h·ªôi c≈©ng ƒë√£ b·∫ßu ra ban ch·∫•p_h√†nh m·ªõi v·ªõi 25 ƒë·ªìng_ch√≠ ti√™u_bi·ªÉu v·ªÅ ph·∫©m_ch·∫•t ƒë·∫°o_ƒë·ª©c t·ªët c√≥ nƒÉng_l·ª±c tr√¨nh_ƒë·ªô c√≥ tinh_th·∫ßn tr√°ch_nhi·ªám h·ª©a_h·∫πn l√† th·∫ø_h·ªá ti·ªÅm_nƒÉng ti·∫øp_t·ª•c d·∫´n_d·∫Øt v√† ph√°t_tri·ªÉn ƒëo√†n thanh_ni√™n h·ªçc_vi·ªán trong nhi·ªám_k·ª≥ 2024 2026 m·ªôt l·∫ßn n·ªØa ban t·ªï_ch·ª©c xin g·ª≠i l·ªùi c·∫£m_∆°n ch√¢n_th√†nh ƒë·∫øn ban ch·∫•p_h√†nh nhi·ªám_k·ª≥ 2022 2024 v√¨ nh·ªØng ƒë√≥ng_g√≥p to_l·ªõn c·ªßa c√°c ƒë·ªìng_ch√≠ trong nhi·ªám_k·ª≥ v·ª´a_qua ch√∫c cho ban ch·∫•p_h√†nh nhi·ªám_k·ª≥ 2024 2026 s·∫Ω ƒë·∫°t ƒë∆∞·ª£c nhi·ªÅu th√†nh_c√¥ng r·ª±c_r·ª° v√† ti·∫øp_t·ª•c ƒë∆∞a ƒëo√†n h·ªçc_vi·ªán ph√°t_tri·ªÉn v·ªØng m·∫°nhƒë·∫°ih·ªôiƒëo√†nl·∫ßnth·ª©xtu·ªïitr·∫ªptitth√¥ng tin li√™n_h·ªá ƒëtn ptitfanpage httpswwwfacebookcomdoanthanhnienhvcnbcvt email doanthanhnienptiteduvn hotline 0433 515 489 ƒë·ªãa_ch·ªâ ph√≤ng 111 ktx b5 h·ªçc_vi·ªán c√¥ng_ngh·ªá b∆∞u_ch√≠nh vi·ªÖn_th√¥ng,"['ƒë', 'i', '_', 'h', '·ªô', 'i', ' ', 'ƒë', 'i', '_', 'b', 'i', '·ªÉ', 'u', ' ', 'ƒë', 'o', 'n', ' ', 't', 'n', 'c', 's', ' ', 'h', ' ', 'c', 'h', '√≠', ' ', 'm', 'i', 'n', 'h', ' ', 'h', '·ªç', 'c', '_', 'v', 'i', '·ªá', 'n', ' ', 'c', '√¥', 'n', 'g', '_', 'n', 'g', 'h', '·ªá', ' ', 'b', 'u', '_', 'c', 'h', '√≠', 'n', 'h', ' ', 'v', 'i', '·ªÖ', 'n', '_', 't', 'h', '√¥', 'n', 'g', ' ', 'l', '·∫ß', 'n', ' ', 't', 'h', '·ª©', ' ', 'x', ' ', 'n', 'h', 'i', '·ªá', 'm', '_', 'k', '·ª≥', ' ', '2', '0', '2', '4', ' ', '2', '0', '2', '7', ' ', 'c', 'h', 'i', '·ªÅ', 'u', ' ', 'n', 'g', 'y', ' ', '2', '4', '8', ' ', 'v', 'a', '_', 'q', 'u', 'a', ' ', 't', 'i', ' ', 'h', '·ªô', 'i', '_', 't', 'r', 'n', 'g', ' ', 'a', '2', ' ', 'h', '·ªç', 'c', '_', 'v', 'i', '·ªá', 'n', ' ', 'c', '√¥', 'n', 'g', '_', 'n', 'g', 'h', '·ªá', ' ', 'b', 'u', '_', 'c', 'h', '√≠', 'n', 'h', ' ', 'v', 'i', '·ªÖ', 'n', '_', 't', 'h', '√¥', 'n', 'g', ' ', 'ƒë', '√£', ' ', 't', '·ªï', '_', 'c', 'h', '·ª©', 'c', ' ', 't', 'h', 'n', 'h', '_', 'c', '√¥', 'n', 'g', ' ', 'ƒë', 'i', '_', 'h', '·ªô', 'i', ' ', 'ƒë', 'i', '_', 'b', 'i', '·ªÉ', 'u', ' ', 'ƒë', 'o', 'n', ' ', 't', 'n', 'c', 's', ' ', 'h', ' ', 'c', 'h', '√≠', ' ', 'm', 'i', 'n', 'h', ' ', 'l', '·∫ß', 'n', ' ', 't', 'h', '·ª©', ' ', 'x', ' ', 'n', 'h', 'i', '·ªá', 'm', '_', 'k', '·ª≥', ' ', '2', '0', '2', '4', ' ', '2', '0', '2', '7', ' ', 's', '·ª±', '_', 'k', 'i', '·ªá', 'n', ' ', 'n', 'y', ' ', 'ƒë', 'n', 'h', '_', 'd', '·∫•', 'u', ' ', 'm', '·ªô', 't', ' ', 'c', '·ªô', 't', ' ', 'm', '·ªë', 'c', ' ', 'q', 'u', 'a', 'n', '_', 't', 'r', '·ªç', 'n', 'g', ' ', 't', 'r', 'o', 'n', 'g', ' ', 's', '·ª±', ' ', 'p', 'h', 't', '_', 't', 'r', 'i', '·ªÉ', 'n', ' ', 'c', '·ªß', 'a', ' ', 'ƒë', 'o', 'n', ' ', 't', 'h', 'a', 'n', 'h', '_', 'n', 'i', '√™', 'n', ' ', 'h', '·ªç', 'c', '_', 'v', 'i', '·ªá', 'n', ' ', 'l', ' ', 'd', '·ªã', 'p', ' ', 'ƒë', '·ªÉ', ' ', 'n', 'h', '√¨', 'n', ' ', 'l', 'i', ' ', 'n', 'h', '·ªØ', 'n', 'g', ' ', 't', 'h', 'n', 'h', '_', 't', '·ª±', 'u', ' ', 'ƒë', '√£', ' ', 'ƒë', 't', ' ', 'ƒë', '·ª£', 'c', ' ', 'v', ' ', 'ƒë', '·ªÅ', ' ', 'r', 'a', ' ', 'c', 'c', ' ', 'm', '·ª•', 'c', '_', 't', 'i', '√™', 'u', ' ', 'n', 'h', 'i', '·ªá', 'm', '_', 'v', '·ª•', ' ', 'm', 'i', ' ', 'c', 'h', 'o', ' ', 't', 'n', 'g', '_', 'l', 'a', 'i', ' ', 's', 'a', 'u', ' ', 'h', 'a', 'i', ' ', 'p', 'h', 'i', '√™', 'n', ' ', 'l', 'm', '_', 'v', 'i', '·ªá', 'c', ' ', 'k', 'h', '·∫©', 'n', '_', 't', 'r', 'n', 'g', ' ', 'n', 'g', 'h', 'i', '√™', 'm', '_', 't', '√∫', 'c', ' ', 'v', ' ', 'ƒë', '·∫ß', 'y', ' ', 't', 'i', 'n', 'h', '_', 't', 'h', '·∫ß', 'n', ' ', 't', 'r', 'c', 'h', '_', 'n', 'h', 'i', '·ªá', 'm', ' ', 'ƒë', 'i', '_', 'h', '·ªô', 'i', ' ', 'ƒë', '√£', ' ', 'd', 'i', '·ªÖ', 'n', ' ', 'r', 'a', ' ', 't', 'h', 'n', 'h', '_', 'c', '√¥', 'n', 'g', ' ', 't', '·ªë', 't', '_', 'ƒë', '·∫π', 'p', ' ', 'n', 'h', '·∫≠', 'n', ' ', 'ƒë', '·ª£', 'c', ' ', 's', '·ª±', ' ', 'ƒë', 'n', 'g', ' ', 't', 'h', 'u', '·∫≠', 'n', ' ', 'c', 'a', 'o', ' ', 't', ' ', 'c', 'c', ' ', 'ƒë', 'i', '_', 'b', 'i', '·ªÉ', 'u', ' ', 't', 'h', 'a', 'm', '_', 'd', '·ª±', ' ', 'c', 'u', '·ªô', 'c', ' ', 'b', '·∫ß', 'u', '_', 'c', ' ', 'd', 'i', '·ªÖ', 'n', ' ', 'r', 'a', '_', 'c', '√¥', 'n', 'g', '_', 'k', 'h', 'a', 'i', ' ', 'v', ' ', 'm', 'i', 'n', 'h', '_', 'b', 'c', 'h', ' ', 'v', 'i', ' ', 's', '·ª±', ' ', 'h', 'n', 'g', '_', '·ª©', 'n', 'g', ' ', 'n', 'h', 'i', '·ªá', 't', '_', 't', '√¨', 'n', 'h', ' ', 'c', '·ªß', 'a', ' ', 't', '·∫•', 't', '_', 'c', '·∫£', ' ', 'c', 'c', ' ', 'ƒë', 'i', '_', 'b', 'i', '·ªÉ', 'u', ' ', 'ƒë', 'n', 'g', '_', 't', 'h', 'i', ' ', 'c', '≈©', 'n', 'g', ' ', 'ƒë', 't', ' ', 'ƒë', '·ª£', 'c', ' ', 's', '·ª±', ' ', 'n', 'h', '·∫•', 't', '_', 't', 'r', '√≠', ' ', 'v', '·ªÅ', ' ', 'p', 'h', 'n', 'g', '_', 'h', 'n', 'g', ' ', 'h', 'o', 't', '_', 'ƒë', '·ªô', 'n', 'g', ' ', 'c', 'h', 'o', ' ', 'n', 'h', 'i', '·ªá', 'm', '_', 'k', '·ª≥', ' ', 'm', 'i', 'ƒë', 'i', ' ', 'h', '·ªô', 'i', ' ', 'ƒë', '√£', ' ', 't', '·ªï', 'n', 'g', '_', 'k', '·∫ø', 't', ' ', 'l', 'i', ' ', 'n', 'h', '·ªØ', 'n', 'g', ' ', 't', 'h', 'n', 'h', '_', 't', '·ª±', 'u', ' ', 'ƒë', 't', ' ', 'ƒë', '·ª£', 'c', ' ', 'ƒë', 'n', 'g', '_', 't', 'h', 'i', ' ', 'n', 'h', '√¨', 'n', '_', 'n', 'h', '·∫≠', 'n', ' ', 'n', 'h', '·ªØ', 'n', 'g', ' ', 'k', 'h', '√≥', '_', 'k', 'h', 'ƒÉ', 'n', ' ', 'h', 'n', '_', 'c', 'h', '·∫ø', ' ', 't', ' ', 'ƒë', '√≥', ' ', 'ƒë', 'a', ' ', 'r', 'a', ' ', 'p', 'h', 'n', 'g', '_', 'h', 'n', 'g', ' ', 'k', '·∫ø', '_', 'h', 'o', 'c', 'h', ' ', 'h', 'o', 't', '_', 'ƒë', '·ªô', 'n', 'g', ' ', 'c', 'h', 'o', ' ', 't', 'h', 'i', '_', 'g', 'i', 'a', 'n', ' ', 's', '·∫Ø', 'p', ' ', 't', 'i', ' ', 'c', '≈©', 'n', 'g', ' ', 't', 'r', 'o', 'n', 'g', ' ', 'k', 'h', 'u', '√¥', 'n', '_', 'k', 'h', '·ªï', ' ', 'ƒë', 'i', '_', 'h', '·ªô', 'i', ' ', 'c', 'c', ' ', 'ƒë', 'i', '_', 'b', 'i', '·ªÉ', 'u', ' ', 'ƒë', '√£', ' ', 'l', '·∫Ø', 'n', 'g', '_', 'n', 'g', 'h', 'e', ' ', 'v', ' ', 't', 'h', '·∫£', 'o', '_', 'l', 'u', '·∫≠', 'n', ' ', 'n', 'h', '·ªØ', 'n', 'g', ' ', '_', 'k', 'i', '·∫ø', 'n', ' ', 'ƒë', '√≥', 'n', 'g', '_', 'g', '√≥', 'p', ' ', 'q', 'u', 'a', 'n', '_', 't', 'r', '·ªç', 'n', 'g', ' ', 'g', 'i', '√∫', 'p', ' ', 'n', '√¢', 'n', 'g', ' ', 'c', 'a', 'o', ' ', 'h', 'n', ' ', 'n', '·ªØ', 'a', ' ', 'c', 'h', '·∫•', 't', '_', 'l', '·ª£', 'n', 'g', ' ', 'c', '√¥', 'n', 'g', '_', 't', 'c', ' ', 'ƒë', 'o', 'n', ' ', 't', 'r', 'o', 'n', 'g', ' ', 'n', 'h', 'i', '·ªá', 'm', '_', 'k', '·ª≥', ' ', 'm', 'i', 'ƒë', 'i', ' ', 'h', '·ªô', 'i', ' ', 'c', '≈©', 'n', 'g', ' ', 'ƒë', '√£', ' ', 'b', '·∫ß', 'u', ' ', 'r', 'a', ' ', 'b', 'a', 'n', ' ', 'c', 'h', '·∫•', 'p', '_', 'h', 'n', 'h', ' ', 'm', 'i', ' ', 'v', 'i', ' ', '2', '5', ' ', 'ƒë', 'n', 'g', '_', 'c', 'h', '√≠', ' ', 't', 'i', '√™', 'u', '_', 'b', 'i', '·ªÉ', 'u', ' ', 'v', '·ªÅ', ' ', 'p', 'h', '·∫©', 'm', '_', 'c', 'h', '·∫•', 't', ' ', 'ƒë', 'o', '_', 'ƒë', '·ª©', 'c', ' ', 't', '·ªë', 't', ' ', 'c', '√≥', ' ', 'n', 'ƒÉ', 'n', 'g', '_', 'l', '·ª±', 'c', ' ', 't', 'r', '√¨', 'n', 'h', '_', 'ƒë', '·ªô', ' ', 'c', '√≥', ' ', 't', 'i', 'n', 'h', '_', 't', 'h', '·∫ß', 'n', ' ', 't', 'r', 'c', 'h', '_', 'n', 'h', 'i', '·ªá', 'm', ' ', 'h', '·ª©', 'a', '_', 'h', '·∫π', 'n', ' ', 'l', ' ', 't', 'h', '·∫ø', '_', 'h', '·ªá', ' ', 't', 'i', '·ªÅ', 'm', '_', 'n', 'ƒÉ', 'n', 'g', ' ', 't', 'i', '·∫ø', 'p', '_', 't', '·ª•', 'c', ' ', 'd', '·∫´', 'n', '_', 'd', '·∫Ø', 't', ' ', 'v', ' ', 'p', 'h', 't', '_', 't', 'r', 'i', '·ªÉ', 'n', ' ', 'ƒë', 'o', 'n', ' ', 't', 'h', 'a', 'n', 'h', '_', 'n', 'i', '√™', 'n', ' ', 'h', '·ªç', 'c', '_', 'v', 'i', '·ªá', 'n', ' ', 't', 'r', 'o', 'n', 'g', ' ', 'n', 'h', 'i', '·ªá', 'm', '_', 'k', '·ª≥', ' ', '2', '0', '2', '4', ' ', '2', '0', '2', '6', ' ', 'm', '·ªô', 't', ' ', 'l', '·∫ß', 'n', ' ', 'n', '·ªØ', 'a', ' ', 'b', 'a', 'n', ' ', 't', '·ªï', '_', 'c', 'h', '·ª©', 'c', ' ', 'x', 'i', 'n', ' ', 'g', 'i', ' ', 'l', 'i', ' ', 'c', '·∫£', 'm', '_', 'n', ' ', 'c', 'h', '√¢', 'n', '_', 't', 'h', 'n', 'h', ' ', 'ƒë', '·∫ø', 'n', ' ', 'b', 'a', 'n', ' ', 'c', 'h', '·∫•', 'p', '_', 'h', 'n', 'h', ' ', 'n', 'h', 'i', '·ªá', 'm', '_', 'k', '·ª≥', ' ', '2', '0', '2', '2', ' ', '2', '0', '2', '4', ' ', 'v', '√¨', ' ', 'n', 'h', '·ªØ', 'n', 'g', ' ', 'ƒë', '√≥', 'n', 'g', '_', 'g', '√≥', 'p', ' ', 't', 'o', '_', 'l', 'n', ' ', 'c', '·ªß', 'a', ' ', 'c', 'c', ' ', 'ƒë', 'n', 'g', '_', 'c', 'h', '√≠', ' ', 't', 'r', 'o', 'n', 'g', ' ', 'n', 'h', 'i', '·ªá', 'm', '_', 'k', '·ª≥', ' ', 'v', 'a', '_', 'q', 'u', 'a', ' ', 'c', 'h', '√∫', 'c', ' ', 'c', 'h', 'o', ' ', 'b', 'a', 'n', ' ', 'c', 'h', '·∫•', 'p', '_', 'h', 'n', 'h', ' ', 'n', 'h', 'i', '·ªá', 'm', '_', 'k', '·ª≥', ' ', '2', '0', '2', '4', ' ', '2', '0', '2', '6', ' ', 's', '·∫Ω', ' ', 'ƒë', 't', ' ', 'ƒë', '·ª£', 'c', ' ', 'n', 'h', 'i', '·ªÅ', 'u', ' ', 't', 'h', 'n', 'h', '_', 'c', '√¥', 'n', 'g', ' ', 'r', '·ª±', 'c', '_', 'r', '·ª°', ' ', 'v', ' ', 't', 'i', '·∫ø', 'p', '_', 't', '·ª•', 'c', ' ', 'ƒë', 'a', ' ', 'ƒë', 'o', 'n', ' ', 'h', '·ªç', 'c', '_', 'v', 'i', '·ªá', 'n', ' ', 'p', 'h', 't', '_', 't', 'r', 'i', '·ªÉ', 'n', ' ', 'v', '·ªØ', 'n', 'g', ' ', 'm', 'n', 'h', 'ƒë', 'i', 'h', '·ªô', 'i', 'ƒë', 'o', 'n', 'l', '·∫ß', 'n', 't', 'h', '·ª©', 'x', 't', 'u', '·ªï', 'i', 't', 'r', '·∫ª', 'p', 't', 'i', 't', 't', 'h', '√¥', 'n', 'g', ' ', 't', 'i', 'n', ' ', 'l', 'i', '√™', 'n', '_', 'h', '·ªá', ' ', 'ƒë', 't', 'n', ' ', 'p', 't', 'i', 't', 'f', 'a', 'n', 'p', 'a', 'g', 'e', ' ', 'h', 't', 't', 'p', 's', 'w', 'w', 'w', 'f', 'a', 'c', 'e', 'b', 'o', 'o', 'k', 'c', 'o', 'm', 'd', 'o', 'a', 'n', 't', 'h', 'a', 'n', 'h', 'n', 'i', 'e', 'n', 'h', 'v', 'c', 'n', 'b', 'c', 'v', 't', ' ', 'e', 'm', 'a', 'i', 'l', ' ', 'd', 'o', 'a', 'n', 't', 'h', 'a', 'n', 'h', 'n', 'i', 'e', 'n', 'p', 't', 'i', 't', 'e', 'd', 'u', 'v', 'n', ' ', 'h', 'o', 't', 'l', 'i', 'n', 'e', ' ', '0', '4', '3', '3', ' ', '5', '1', '5', ' ', '4', '8', '9', ' ', 'ƒë', '·ªã', 'a', '_', 'c', 'h', '·ªâ', ' ', 'p', 'h', '√≤', 'n', 'g', ' ', '1', '1', '1', ' ', 'k', 't', 'x', ' ', 'b', '5', ' ', 'h', '·ªç', 'c', '_', 'v', 'i', '·ªá', 'n', ' ', 'c', '√¥', 'n', 'g', '_', 'n', 'g', 'h', '·ªá', ' ', 'b', 'u', '_', 'c', 'h', '√≠', 'n', 'h', ' ', 'v', 'i', '·ªÖ', 'n', '_', 't', 'h', '√¥', 'n', 'g']"
https://www.facebook.com/share/p/ep9d5sWsB8LHz994/,ptit ngay tr∆° lai khi nh∆∞ng tia nƒÉng cua mua ha d√¢n b∆°t choi chang thi cung la luc cac ban sinh_vi√™n quay tr∆° lai hoc vi√™n th√¢n_y√™u ƒë√™ ti√™p tuc hanh trinh chinh_ph·ª•c tri th∆∞c tu√¢n ƒë√¢u quay tr∆° lai tr∆∞∆°ng m√¥i ng∆∞∆°i se co cho minh cam nh√¢n va cam xuc ri√™ng nh∆∞ng chƒÉc hƒÉn t√¢t ca chung ta ƒë√™u chung m√¥t khi th√™ h√¢n_hoan va quy√™t t√¢m h√™t minh cho ky hoc sƒÉp t∆°i ƒëung kh√¥ng naoo b√¢y gi∆° hay cung theo ch√¢n chung minh go c∆∞a hoi thƒÉm nh∆∞ng t√¢m_t∆∞ tinh cam cua cac ban sinh_vi√™n ptit trong tu√¢n ƒë√¢u quay tr∆° lai tr∆∞∆°ng nheptit backtoschool summer2024th√¥ng tin li√™n_h·ªá ƒëtn ptit fanpage httpswwwfacebookcomdoanthanhnienhvcnbcvt email doanthanhnienptiteduvn hotline 0433 515 489 ƒë·ªãa_ch·ªâ ph√≤ng 111 ktx b5 h·ªçc_vi·ªán c√¥ng_ngh·ªá b∆∞u_ch√≠nh vi·ªÖn_th√¥ng,"['p', 't', 'i', 't', ' ', 'n', 'g', 'a', 'y', ' ', 't', 'r', ' ', 'l', 'a', 'i', ' ', 'k', 'h', 'i', ' ', 'n', 'h', 'n', 'g', ' ', 't', 'i', 'a', ' ', 'n', 'ƒÉ', 'n', 'g', ' ', 'c', 'u', 'a', ' ', 'm', 'u', 'a', ' ', 'h', 'a', ' ', 'd', '√¢', 'n', ' ', 'b', 't', ' ', 'c', 'h', 'o', 'i', ' ', 'c', 'h', 'a', 'n', 'g', ' ', 't', 'h', 'i', ' ', 'c', 'u', 'n', 'g', ' ', 'l', 'a', ' ', 'l', 'u', 'c', ' ', 'c', 'a', 'c', ' ', 'b', 'a', 'n', ' ', 's', 'i', 'n', 'h', '_', 'v', 'i', '√™', 'n', ' ', 'q', 'u', 'a', 'y', ' ', 't', 'r', ' ', 'l', 'a', 'i', ' ', 'h', 'o', 'c', ' ', 'v', 'i', '√™', 'n', ' ', 't', 'h', '√¢', 'n', '_', 'y', '√™', 'u', ' ', 'ƒë', '√™', ' ', 't', 'i', '√™', 'p', ' ', 't', 'u', 'c', ' ', 'h', 'a', 'n', 'h', ' ', 't', 'r', 'i', 'n', 'h', ' ', 'c', 'h', 'i', 'n', 'h', '_', 'p', 'h', '·ª•', 'c', ' ', 't', 'r', 'i', ' ', 't', 'h', 'c', ' ', 't', 'u', '√¢', 'n', ' ', 'ƒë', '√¢', 'u', ' ', 'q', 'u', 'a', 'y', ' ', 't', 'r', ' ', 'l', 'a', 'i', ' ', 't', 'r', 'n', 'g', ' ', 'm', '√¥', 'i', ' ', 'n', 'g', 'i', ' ', 's', 'e', ' ', 'c', 'o', ' ', 'c', 'h', 'o', ' ', 'm', 'i', 'n', 'h', ' ', 'c', 'a', 'm', ' ', 'n', 'h', '√¢', 'n', ' ', 'v', 'a', ' ', 'c', 'a', 'm', ' ', 'x', 'u', 'c', ' ', 'r', 'i', '√™', 'n', 'g', ' ', 'n', 'h', 'n', 'g', ' ', 'c', 'h', 'ƒÉ', 'c', ' ', 'h', 'ƒÉ', 'n', ' ', 't', '√¢', 't', ' ', 'c', 'a', ' ', 'c', 'h', 'u', 'n', 'g', ' ', 't', 'a', ' ', 'ƒë', '√™', 'u', ' ', 'c', 'h', 'u', 'n', 'g', ' ', 'm', '√¥', 't', ' ', 'k', 'h', 'i', ' ', 't', 'h', '√™', ' ', 'h', '√¢', 'n', '_', 'h', 'o', 'a', 'n', ' ', 'v', 'a', ' ', 'q', 'u', 'y', '√™', 't', ' ', 't', '√¢', 'm', ' ', 'h', '√™', 't', ' ', 'm', 'i', 'n', 'h', ' ', 'c', 'h', 'o', ' ', 'k', 'y', ' ', 'h', 'o', 'c', ' ', 's', 'ƒÉ', 'p', ' ', 't', 'i', ' ', 'ƒë', 'u', 'n', 'g', ' ', 'k', 'h', '√¥', 'n', 'g', ' ', 'n', 'a', 'o', 'o', ' ', 'b', '√¢', 'y', ' ', 'g', 'i', ' ', 'h', 'a', 'y', ' ', 'c', 'u', 'n', 'g', ' ', 't', 'h', 'e', 'o', ' ', 'c', 'h', '√¢', 'n', ' ', 'c', 'h', 'u', 'n', 'g', ' ', 'm', 'i', 'n', 'h', ' ', 'g', 'o', ' ', 'c', 'a', ' ', 'h', 'o', 'i', ' ', 't', 'h', 'ƒÉ', 'm', ' ', 'n', 'h', 'n', 'g', ' ', 't', '√¢', 'm', '_', 't', ' ', 't', 'i', 'n', 'h', ' ', 'c', 'a', 'm', ' ', 'c', 'u', 'a', ' ', 'c', 'a', 'c', ' ', 'b', 'a', 'n', ' ', 's', 'i', 'n', 'h', '_', 'v', 'i', '√™', 'n', ' ', 'p', 't', 'i', 't', ' ', 't', 'r', 'o', 'n', 'g', ' ', 't', 'u', '√¢', 'n', ' ', 'ƒë', '√¢', 'u', ' ', 'q', 'u', 'a', 'y', ' ', 't', 'r', ' ', 'l', 'a', 'i', ' ', 't', 'r', 'n', 'g', ' ', 'n', 'h', 'e', 'p', 't', 'i', 't', ' ', 'b', 'a', 'c', 'k', 't', 'o', 's', 'c', 'h', 'o', 'o', 'l', ' ', 's', 'u', 'm', 'm', 'e', 'r', '2', '0', '2', '4', 't', 'h', '√¥', 'n', 'g', ' ', 't', 'i', 'n', ' ', 'l', 'i', '√™', 'n', '_', 'h', '·ªá', ' ', 'ƒë', 't', 'n', ' ', 'p', 't', 'i', 't', ' ', 'f', 'a', 'n', 'p', 'a', 'g', 'e', ' ', 'h', 't', 't', 'p', 's', 'w', 'w', 'w', 'f', 'a', 'c', 'e', 'b', 'o', 'o', 'k', 'c', 'o', 'm', 'd', 'o', 'a', 'n', 't', 'h', 'a', 'n', 'h', 'n', 'i', 'e', 'n', 'h', 'v', 'c', 'n', 'b', 'c', 'v', 't', ' ', 'e', 'm', 'a', 'i', 'l', ' ', 'd', 'o', 'a', 'n', 't', 'h', 'a', 'n', 'h', 'n', 'i', 'e', 'n', 'p', 't', 'i', 't', 'e', 'd', 'u', 'v', 'n', ' ', 'h', 'o', 't', 'l', 'i', 'n', 'e', ' ', '0', '4', '3', '3', ' ', '5', '1', '5', ' ', '4', '8', '9', ' ', 'ƒë', '·ªã', 'a', '_', 'c', 'h', '·ªâ', ' ', 'p', 'h', '√≤', 'n', 'g', ' ', '1', '1', '1', ' ', 'k', 't', 'x', ' ', 'b', '5', ' ', 'h', '·ªç', 'c', '_', 'v', 'i', '·ªá', 'n', ' ', 'c', '√¥', 'n', 'g', '_', 'n', 'g', 'h', '·ªá', ' ', 'b', 'u', '_', 'c', 'h', '√≠', 'n', 'h', ' ', 'v', 'i', '·ªÖ', 'n', '_', 't', 'h', '√¥', 'n', 'g']"
