https://www.facebook.com/share/p/iAxNWnmsWA6vM6F2/,,,
https://www.facebook.com/share/p/nxB8iuuSmVkYbLFZ/,,,
https://www.facebook.com/share/p/yFcRj6AHU95ZbSkh/,,,
https://www.facebook.com/share/p/c8V8f2orZDw7kXNF/,,,
https://www.facebook.com/share/p/fmAPJcuWPrYseJyz/,,,
https://www.facebook.com/share/p/c6xbsBifdKiyMGCc/,,,
https://www.facebook.com/share/p/GZW4oiuALgWD1xXa/,,,
https://www.facebook.com/share/p/ioQqgTZwz1jTYxoe/,,,
https://www.facebook.com/share/p/kiVn7km7CB8sSLjU/,,,
https://www.facebook.com/share/p/bgPm9GgP1L4U3RZp/,,,
https://www.facebook.com/share/p/GXu8ydwu4bUzJ4vV/,,,
https://www.facebook.com/share/p/wnzpLB2yf5wK1zZn/,,,
https://www.facebook.com/share/p/keC95PmXCyURGevE/,,,
https://www.facebook.com/share/p/UeahfB4gHWL5TUHS/,,,
https://www.facebook.com/share/p/hos8M4d1pjeKojpz/,,,
https://www.facebook.com/share/p/Phk2NbAsWf5tjRR5/,,,
https://www.facebook.com/share/p/21YVwWWCs82ACpCA/,,,
https://www.facebook.com/share/p/nTwGB85tq32HibwY/,,,
https://www.facebook.com/share/p/ep9d5sWsB8LHz994/,,,
https://www.facebook.com/share/p/Jg5W5sYoE6bGR5Ma/,,,
https://www.facebook.com/share/p/2PgH2194ibSCvshH/,,,
https://www.facebook.com/share/p/jFr1Jbo5SbGs5paK/,,,
https://www.facebook.com/share/p/V1phU8NtS9Jy397e/,,,
https://www.facebook.com/share/p/2NPE8ZTXx6iQNmSC/,,,
https://www.facebook.com/share/p/wrNeFTEFYnTrL8A1/,,,
https://www.facebook.com/share/p/3a4uEpggTj7mYymp/,,,
https://www.facebook.com/share/p/b5sq9jEVyY9ixaSX/,,,
https://www.facebook.com/share/p/RsCRLLZfDghhsLrj/,,,
https://www.facebook.com/share/p/PwQ8bmsPtoCFSqdR/,,,
https://www.facebook.com/share/p/sLfartFfzdpwrLPh/,,,
https://www.facebook.com/share/p/B9mM9sFnheNtdZeN/,,,
https://www.facebook.com/share/p/Kg2CmXtD2pto63ht/,,,
https://www.facebook.com/share/p/thRWcz2R6afTVZ5q/,,,
https://www.facebook.com/share/p/Aito3j1CMcxYYxu5/,,,
https://www.facebook.com/share/p/itjdTiD3RQsEvT8X/,,,
https://www.facebook.com/share/p/omJvfmRgrRhg1aJK/,,,
https://www.facebook.com/share/p/iBkDC7RWvSgiHhcQ/,,,
https://www.facebook.com/share/p/SPRtJ7HZNduPrVwu/,,,
https://www.facebook.com/share/p/SjDJmucHJqLLozgA/,,,
https://www.facebook.com/share/p/VtVDRbRD3aaAHApC/,,,
https://www.facebook.com/share/p/yUB8N7afKinb4gEh/,,,
https://www.facebook.com/share/p/sYHoTcnzgVVy4B8o/,,,
https://www.facebook.com/share/p/C9v4Z8bDgEeEvnsK/,,,
https://www.facebook.com/share/p/mSiEqTSiJbwqit1g/,,,
https://www.facebook.com/share/p/Qop7mQ3Q85ZzQTdZ/,,,
https://www.facebook.com/share/p/BWjVGeHKTyc5dXh6/,,,
https://www.facebook.com/share/p/YhVCntG2Br2awJ5R/,,,
https://www.facebook.com/share/p/wyBDjuXKFsrgz3mi/,,,
https://www.facebook.com/share/p/h3mnionZvnPupTYD/,,,
https://www.facebook.com/share/p/Uct3AfBwJpzBkBoX/,,,
https://www.facebook.com/share/p/fhcf5QDJbZN2Yvsa/,,,
https://www.facebook.com/share/v/yPz1SKHR3BUm94i1/,,,
https://www.facebook.com/share/p/SqtZyQCZ8KeF8zZS/,,,
https://www.facebook.com/share/p/Kz5zBmh4Zj6ysKyQ/,,,
https://www.facebook.com/share/p/fWSF3fNZLfrZMH7f/,,,
https://www.facebook.com/share/p/QXF1fY6VgGc88FHE/,,,
https://www.facebook.com/share/p/SkAZ8RARxB2gUXJq/,,,
https://www.facebook.com/share/p/4BQAWG9D1kjhAHm6/,,,
https://www.facebook.com/share/p/2y7kYgt2FVzGsDbu/,,,
https://www.facebook.com/share/p/SdEWmTdxTcjtRm75/,,,
https://www.facebook.com/share/p/HDTKn8xJfmbTKFLo/,,,
https://www.facebook.com/share/p/FvzFVbhL9mYH34KF/,,,
https://www.facebook.com/share/p/C2CJQWro3AYnJ3PD/,,,
https://www.facebook.com/share/v/bSve4tyTH89sLzJu/,,,
https://www.facebook.com/share/v/6tTYKeJzyK7ok7RZ/,,,
https://www.facebook.com/share/p/KDTmVm82QCwU4BhD/,,,
https://www.facebook.com/share/p/Cua2eSHobmNbry9n/,,,
https://www.facebook.com/share/v/1VanLiJXXAq2G4kP/,,,
https://www.facebook.com/share/p/LRUmoKTkX7CjKDuu/,,,
https://www.facebook.com/share/p/nQZSCS89K5bL5ovW/,,,
,,,
,,,
,,,
,,,
,,,
,,,
,,,
,,,
,,,
,,,
,,,
,,,
,,,
,,,
,,,
,,,
,,,
,,,
,,,
,,,
,,,
,,,
,,,
,,,
,,,
,,,
,,,
,,,
,,,
,,,
,,,
,,,
,,,
,,,
,,,
,,,
,,,
,,,
,,,
,,,
,,,
,,,
,,,
,,,
,,,
,,,
,,,
,,,
,,,
,,,
,,,
,,,
,,,
,,,
,,,
,,,
,,,
,,,
,,,
,,,
,,,
,,,
,,,
,,,
,,,
,,,
,,,
,,,
,,,
,,,
,,,
,,,
,,,
,,,
,,,
,,,
,,,
,,,
,,,
,,,
,,,
,,,
,,,
,,,
,,,
,,,
,,,
,,,
,,,
,,,
,,,
,,,
,,,
,,,
,,,
,,,
,,,
,,,
,,,
,,,
,,,
,,,
,,,
,,,
,,,
,,,
,,,
,,,
,,,
,,,
,,,
,,,
,,,
,,,
,,,
,,,
,,,
,,,
,,,
,,,
,,,
,,,
,,,
,,,
,,,
,,,
,,,
,,,
,,,
,,,
,,,
,,,
,,,
,,,
,,,
,,,
,,,
,,,
,,,
,,,
,,,
,,,
,,,
,,,
,,,
,,,
,,,
,,,
,,,
,,,
,,,
,,,
,,,
,,,
,,,
,,,
,,,
,,,
,,,
,,,
,,,
,,,
,,,
,,,
,,,
,,,
,,,
,,,
,,,
,,,
,,,
,,,
,,,
,,,
,,,
,,,
,,,
,,,
,,,
,,,
,,,
,,,
,,,
,,,
,,,
,,,
,,,
,,,
,,,
,,,
,,,
,,,
,,,
,,,
,,,
,,,
,,,
,,,
,,,
,,,
,,,
,,,
,,,
,,,
,,,
,,,
,,,
,,,
,,,
,,,
,,,
,,,
,,,
,,,
,,,
,,,
,,,
,,,
,,,
,,,
,,,
,,,
,,,
,,,
,,,
,,,
,,,
,,,
,,,
,,,
,,,
,,,
,,,
,,,
,,,
,,,
,,,
,,,
,,,
,,,
,,,
,,,
,,,
,,,
,,,
,,,
,,,
,,,
,,,
,,,
,,,
,,,
,,,
,,,
,,,
,,,
,,,
,,,
,,,
,,,
,,,
,,,
,,,
,,,
,,,
,,,
,,,
,,,
,,,
,,,
,,,
,,,
,,,
,,,
,,,
,,,
,,,
,,,
,,,
,,,
,,,
,,,
,,,
,,,
,,,
,,,
,,,
,,,
,,,
,,,
,,,
,,,
,,,
,,,
,,,
,,,
,,,
,,,
,,,
,,,
,,,
,,,
,,,
,,,
,,,
,,,
,,,
,,,
,,,
,,,
,,,
,,,
,,,
,,,
,,,
,,,
,,,
,,,
,,,
,,,
,,,
,,,
,,,
,,,
,,,
,,,
,,,
,,,
,,,
,,,
,,,
,,,
,,,
,,,
,,,
,,,
,,,
,,,
,,,
,,,
,,,
,,,
,,,
,,,
,,,
,,,
,,,
,,,
,,,
,,,
,,,
,,,
,,,
,,,
,,,
,,,
,,,
,,,
,,,
,,,
,,,
,,,
,,,
,,,
,,,
,,,
,,,
,,,
,,,
,,,
,,,
,,,
,,,
,,,
,,,
,,,
,,,
,,,
,,,
,,,
,,,
,,,
,,,
,,,
,,,
,,,
,,,
,,,
,,,
,,,
,,,
,,,
,,,
,,,
,,,
,,,
,,,
,,,
,,,
,,,
,,,
,,,
,,,
,,,
,,,
,,,
,,,
,,,
,,,
,,,
,,,
,,,
,,,
,,,
,,,
,,,
,,,
,,,
,,,
,,,
,,,
,,,
,,,
,,,
,,,
,,,
,,,
,,,
,,,
,,,
,,,
,,,
,,,
,,,
,,,
,,,
,,,
,,,
,,,
,,,
,,,
,,,
,,,
,,,
,,,
,,,
,,,
,,,
,,,
,,,
,,,
,,,
,,,
,,,
,,,
,,,
,,,
,,,
,,,
,,,
,,,
,,,
,,,
,,,
,,,
,,,
,,,
,,,
,,,
,,,
,,,
,,,
,,,
,,,
,,,
,,,
,,,
,,,
,,,
,,,
,,,
,,,
,,,
,,,
,,,
,,,
,,,
,,,
,,,
,,,
,,,
,,,
,,,
,,,
,,,
,,,
,,,
,,,
,,,
,,,
,,,
,,,
,,,
,,,
,,,
,,,
,,,
,,,
,,,
,,,
,,,
,,,
,,,
,,,
,,,
,,,
,,,
,,,
,,,
,,,
,,,
,,,
,,,
,,,
,,,
,,,
,,,
,,,
,,,
,,,
,,,
,,,
,,,
,,,
,,,
,,,
,,,
,,,
,,,
,,,
,,,
,,,
,,,
,,,
,,,
,,,
,,,
,,,
,,,
,,,
,,,
,,,
,,,
,,,
,,,
,,,
,,,
,,,
,,,
,,,
,,,
,,,
,,,
,,,
,,,
,,,
,,,
,,,
,,,
,,,
,,,
,,,
,,,
,,,
,,,
,,,
,,,
,,,
,,,
,,,
,,,
,,,
,,,
,,,
,,,
,,,
,,,
,,,
,,,
,,,
,,,
,,,
,,,
,,,
,,,
,,,
,,,
,,,
,,,
,,,
,,,
,,,
,,,
,,,
,,,
,,,
,,,
,,,
,,,
,,,
,,,
,,,
,,,
,,,
,,,
,,,
,,,
,,,
,,,
,,,
,,,
,,,
,,,
,,,
,,,
,,,
,,,
,,,
,,,
,,,
,,,
,,,
,,,
,,,
,,,
,,,
,,,
,,,
,,,
,,,
,,,
,,,
,,,
,,,
,,,
,,,
,,,
,,,
,,,
,,,
,,,
,,,
,,,
,,,
,,,
,,,
,,,
,,,
,,,
,,,
,,,
,,,
,,,
,,,
,,,
,,,
,,,
,,,
,,,
,,,
,,,
,,,
,,,
,,,
,,,
,,,
,,,
,,,
,,,
,,,
,,,
,,,
,,,
,,,
,,,
,,,
,,,
,,,
,,,
,,,
,,,
,,,
,,,
,,,
,,,
,,,
,,,
,,,
,,,
,,,
,,,
,,,
,,,
,,,
,,,
,,,
,,,
,,,
,,,
,,,
,,,
,,,
,,,
,,,
,,,
,,,
,,,
,,,
,,,
,,,
,,,
,,,
,,,
,,,
,,,
,,,
,,,
,,,
,,,
,,,
,,,
,,,
,,,
,,,
,,,
,,,
,,,
,,,
,,,
,,,
,,,
,,,
,,,
,,,
,,,
,,,
,,,
,,,
,,,
,,,
,,,
,,,
,,,
,,,
,,,
,,,
,,,
,,,
,,,
,,,
,,,
,,,
,,,
,,,
,,,
,,,
,,,
,,,
,,,
,,,
,,,
,,,
,,,
,,,
,,,
,,,
,,,
,,,
,,,
,,,
,,,
,,,
,,,
,,,
,,,
,,,
,,,
,,,
,,,
,,,
,,,
,,,
,,,
,,,
,,,
,,,
,,,
,,,
,,,
,,,
,,,
,,,
,,,
,,,
,,,
,,,
,,,
,,,
,,,
,,,
,,,
,,,
,,,
,,,
,,,
,,,
,,,
,,,
,,,
,,,
,,,
,,,
,,,
,,,
,,,
,,,
,,,
,,,
,,,
,,,
,,,
,,,
,,,
,,,
,,,
,,,
,,,
,,,
,,,
,,,
,,,
,,,
,,,
,,,
,,,
,,,
,,,
,,,
,,,
,,,
,,,
,,,
,,,
,,,
,,,
,,,
,,,
,,,
,,,
,,,
,,,
,,,
,,,
,,,
,,,
,,,
,,,
,,,
,,,
,,,
,,,
,,,
,,,
,,,
,,,
,,,
,,,
,,,
,,,
,,,
,,,
,,,
,,,
,,,
,,,
,,,
,,,
,,,
,,,
,,,
,,,
,,,
,,,
,,,
,,,
,,,
,,,
,,,
,,,
,,,
,,,
,,,
,,,
,,,
,,,
,,,
,,,
,,,
,,,
,,,
,,,
,,,
,,,
,,,
,,,
,,,
,,,
,,,
,,,
,,,
,,,
,,,
,,,
,,,
,,,
,,,
,,,
,,,
,,,
,,,
,,,
,,,
,,,
,,,
,,,
,,,
,,,
,,,
,,,
,,,
,,,
,,,
,,,
,,,
,,,
,,,
,,,
,,,
